name,symbol,exchange,country,sector,series,isin,instrument_key
20 Microns Limited,20MICRONS,NSE,India,,EQ,INE144J01027,NSE_EQ|INE144J01027
21st Century Management Services Limited,21STCENMGM,NSE,India,,EQ,INE253B01015,NSE_EQ|INE253B01015
360 ONE WAM LIMITED,360ONE,NSE,India,,EQ,INE466L01038,NSE_EQ|INE466L01038
3B Blackbio Dx Limited,3BBLACKBIO,NSE,India,,EQ,INE994E01018,NSE_EQ|INE994E01018
3i Infotech Limited,3IINFOLTD,NSE,India,,EQ,INE748C01038,NSE_EQ|INE748C01038
3M India Limited,3MINDIA,NSE,India,,EQ,INE470A01017,NSE_EQ|INE470A01017
3P Land Holdings Limited,3PLAND,NSE,India,,EQ,INE105C01023,NSE_EQ|INE105C01023
5Paisa Capital Limited,5PAISA,NSE,India,,EQ,INE618L01018,NSE_EQ|INE618L01018
63 moons technologies limited,63MOONS,NSE,India,,EQ,INE111B01023,NSE_EQ|INE111B01023
A2Z Infra Engineering Limited,A2ZINFRA,NSE,India,,EQ,INE619I01012,NSE_EQ|INE619I01012
AAA Technologies Limited,AAATECH,NSE,India,,EQ,INE0D0U01013,NSE_EQ|INE0D0U01013
Aadhar Housing Finance Limited,AADHARHFC,NSE,India,,EQ,INE883F01010,NSE_EQ|INE883F01010
Aakash Exploration Services Limited,AAKASH,NSE,India,,EQ,INE087Z01024,NSE_EQ|INE087Z01024
Aarey Drugs & Pharmaceuticals Limited,AAREYDRUGS,NSE,India,,BE,INE198H01019,NSE_EQ|INE198H01019
Aarnav Fashions Limited,AARNAV,NSE,India,,EQ,INE750R01016,NSE_EQ|INE750R01016
Aaron Industries Limited,AARON,NSE,India,,EQ,INE721Z01010,NSE_EQ|INE721Z01010
Aartech Solonics Limited,AARTECH,NSE,India,,BE,INE01C001026,NSE_EQ|INE01C001026
Aarti Drugs Limited,AARTIDRUGS,NSE,India,,EQ,INE767A01016,NSE_EQ|INE767A01016
Aarti Industries Limited,AARTIIND,NSE,India,,EQ,INE769A01020,NSE_EQ|INE769A01020
Aarti Pharmalabs Limited,AARTIPHARM,NSE,India,,EQ,INE0LRU01027,NSE_EQ|INE0LRU01027
Aarti Surfactants Limited,AARTISURF,NSE,India,,EQ,INE09EO01013,NSE_EQ|INE09EO01013
Aarvi Encon Limited,AARVI,NSE,India,,EQ,INE754X01016,NSE_EQ|INE754X01016
Aastha Spintex Limited,AASTHA,NSE,India,,EQ,INE2FMX01012,NSE_EQ|INE2FMX01012
Aavas Financiers Limited,AAVAS,NSE,India,,EQ,INE216P01012,NSE_EQ|INE216P01012
Aban Offshore Limited,ABAN,NSE,India,,BE,INE421A01028,NSE_EQ|INE421A01028
Abans Enterprises Limited,ABANSENT,NSE,India,,BE,INE365O01028,NSE_EQ|INE365O01028
ABB India Limited,ABB,NSE,India,,EQ,INE117A01022,NSE_EQ|INE117A01022
Abbott India Limited,ABBOTINDIA,NSE,India,,EQ,INE358A01014,NSE_EQ|INE358A01014
Aditya Birla Capital Limited,ABCAPITAL,NSE,India,,EQ,INE674K01013,NSE_EQ|INE674K01013
A B Cotspin India Limited,ABCOTS,NSE,India,,EQ,INE08PH01015,NSE_EQ|INE08PH01015
Allied Blenders and Distillers Limited,ABDL,NSE,India,,EQ,INE552Z01027,NSE_EQ|INE552Z01027
Aditya Birla Fashion and Retail Limited,ABFRL,NSE,India,,EQ,INE647O01011,NSE_EQ|INE647O01011
A B Infrabuild Limited,ABINFRA,NSE,India,,EQ,INE00YB01025,NSE_EQ|INE00YB01025
Aditya Birla Lifestyle Brands Limited,ABLBL,NSE,India,,EQ,INE14LE01019,NSE_EQ|INE14LE01019
ABM International Limited,ABMINTLLTD,NSE,India,,EQ,INE251C01025,NSE_EQ|INE251C01025
ABM Knowledgeware Limited,ABMKNO,NSE,India,,EQ,INE850B01026,NSE_EQ|INE850B01026
Aditya Birla Real Estate Limited,ABREL,NSE,India,,EQ,INE055A01016,NSE_EQ|INE055A01016
Aditya Birla Sun Life AMC Limited,ABSLAMC,NSE,India,,EQ,INE404A01024,NSE_EQ|INE404A01024
ACC Limited,ACC,NSE,India,,EQ,INE012A01025,NSE_EQ|INE012A01025
Accelya Solutions India Limited,ACCELYA,NSE,India,,EQ,INE793A01012,NSE_EQ|INE793A01012
Accuracy Shipping Limited,ACCURACY,NSE,India,,BE,INE648Z01023,NSE_EQ|INE648Z01023
Action Construction Equipment Limited,ACE,NSE,India,,EQ,INE731H01025,NSE_EQ|INE731H01025
Ace Integrated Solutions Limited,ACEINTEG,NSE,India,,EQ,INE543V01017,NSE_EQ|INE543V01017
Archean Chemical Industries Limited,ACI,NSE,India,,EQ,INE128X01021,NSE_EQ|INE128X01021
Andhra Cements Limited,ACL,NSE,India,,EQ,INE666E01020,NSE_EQ|INE666E01020
Acme Solar Holdings Limited,ACMESOLAR,NSE,India,,EQ,INE622W01025,NSE_EQ|INE622W01025
ACS Technologies Limited,ACSTECH,NSE,India,,EQ,INE366C01021,NSE_EQ|INE366C01021
Acutaas Chemicals Limited,ACUTAAS,NSE,India,,EQ,INE00FF01025,NSE_EQ|INE00FF01025
Adani Energy Solutions Limited,ADANIENSOL,NSE,India,,EQ,INE931S01010,NSE_EQ|INE931S01010
Adani Enterprises Limited,ADANIENT,NSE,India,,EQ,INE423A01024,NSE_EQ|INE423A01024
Adani Green Energy Limited,ADANIGREEN,NSE,India,,EQ,INE364U01010,NSE_EQ|INE364U01010
Adani Ports and Special Economic Zone Limited,ADANIPORTS,NSE,India,,EQ,INE742F01042,NSE_EQ|INE742F01042
Adani Power Limited,ADANIPOWER,NSE,India,,EQ,INE814H01029,NSE_EQ|INE814H01029
ADF Foods Limited,ADFFOODS,NSE,India,,EQ,INE982B01027,NSE_EQ|INE982B01027
Archidply Decor Limited,ADL,NSE,India,,EQ,INE0CHO01012,NSE_EQ|INE0CHO01012
Ador Welding Limited,ADOR,NSE,India,,EQ,INE045A01017,NSE_EQ|INE045A01017
Adroit Infotech Limited,ADROITINFO,NSE,India,,EQ,INE737B01033,NSE_EQ|INE737B01033
Allied Digital Services Limited,ADSL,NSE,India,,EQ,INE102I01027,NSE_EQ|INE102I01027
Advait Energy Transitions Limited,ADVAIT,NSE,India,,EQ,INE0ALI01010,NSE_EQ|INE0ALI01010
Advance Agrolife Limited,ADVANCE,NSE,India,,EQ,INE1B0W01010,NSE_EQ|INE1B0W01010
Advani Hotels & Resorts (India) Limited,ADVANIHOTR,NSE,India,,EQ,INE199C01026,NSE_EQ|INE199C01026
Advent Hotels International Limited,ADVENTHTL,NSE,India,,EQ,INE28GN01010,NSE_EQ|INE28GN01010
Advanced Enzyme Technologies Limited,ADVENZYMES,NSE,India,,EQ,INE837H01020,NSE_EQ|INE837H01020
Aegis Logistics Limited,AEGISLOG,NSE,India,,EQ,INE208C01025,NSE_EQ|INE208C01025
Aegis Vopak Terminals Limited,AEGISVOPAK,NSE,India,,EQ,INE0INX01018,NSE_EQ|INE0INX01018
Artemis Electricals and Projects Limited,AEPL,NSE,India,,EQ,INE757T01025,NSE_EQ|INE757T01025
Aequs Limited,AEQUS,NSE,India,,EQ,INE947N01017,NSE_EQ|INE947N01017
Aeroflex Enterprises Limited,AEROENTER,NSE,India,,EQ,INE065D01027,NSE_EQ|INE065D01027
Aeroflex Industries Limited,AEROFLEX,NSE,India,,EQ,INE024001021,NSE_EQ|INE024001021
Aeroflex Neu Limited,AERONEU,NSE,India,,EQ,INE035801013,NSE_EQ|INE035801013
Amir Chand Jagdish Kumar (Exports) Limited,AEROPLANE,NSE,India,,EQ,INE05TO01019,NSE_EQ|INE05TO01019
Aether Industries Limited,AETHER,NSE,India,,EQ,INE0BWX01014,NSE_EQ|INE0BWX01014
Afcons Infrastructure Limited,AFCONS,NSE,India,,EQ,INE101I01011,NSE_EQ|INE101I01011
Affle 3i Limited,AFFLE,NSE,India,,EQ,INE00WC01027,NSE_EQ|INE00WC01027
Affordable Robotic & Automation Limited,AFFORDABLE,NSE,India,,BE,INE692Z01013,NSE_EQ|INE692Z01013
Akme Fintrade (India) Limited,AFIL,NSE,India,,EQ,INE916Y01027,NSE_EQ|INE916Y01027
Abans Financial Services Limited,AFSL,NSE,India,,EQ,INE00ZE01026,NSE_EQ|INE00ZE01026
Agarwal Industrial Corporation Limited,AGARIND,NSE,India,,EQ,INE204E01012,NSE_EQ|INE204E01012
Dr. Agarwal's Health Care Limited,AGARWALEYE,NSE,India,,EQ,INE943P01029,NSE_EQ|INE943P01029
AGI Greenpac Limited,AGI,NSE,India,,EQ,INE415A01038,NSE_EQ|INE415A01038
Agi Infra Limited,AGIIL,NSE,India,,EQ,INE976R01033,NSE_EQ|INE976R01033
Allcargo Global Limited,AGL,NSE,India,,EQ,INE1YPB01014,NSE_EQ|INE1YPB01014
Agri-Tech (India) Limited,AGRITECH,NSE,India,,BE,INE449G01018,NSE_EQ|INE449G01018
Agro Phos India Limited,AGROPHOS,NSE,India,,EQ,INE740V01019,NSE_EQ|INE740V01019
AGS Transact Technologies Limited,AGSTRA,NSE,India,,BZ,INE583L01014,NSE_EQ|INE583L01014
Anlon Healthcare Limited,AHCL,NSE,India,,EQ,INE0Y8W01025,NSE_EQ|INE0Y8W01025
Ahlada Engineers Limited,AHLADA,NSE,India,,EQ,INE00PV01013,NSE_EQ|INE00PV01013
Asian Hotels (East) Limited,AHLEAST,NSE,India,,EQ,INE926K01017,NSE_EQ|INE926K01017
Ahluwalia Contracts (India) Limited,AHLUCONT,NSE,India,,EQ,INE758C01029,NSE_EQ|INE758C01029
Asian Hotels (West) Limited,AHLWEST,NSE,India,,BE,INE915K01010,NSE_EQ|INE915K01010
AIA Engineering Limited,AIAENG,NSE,India,,EQ,INE212H01026,NSE_EQ|INE212H01026
Authum Investment & Infrastructure Limited,AIIL,NSE,India,,EQ,INE206F01022,NSE_EQ|INE206F01022
Airan Limited,AIRAN,NSE,India,,EQ,INE645W01026,NSE_EQ|INE645W01026
Airo Lam limited,AIROLAM,NSE,India,,EQ,INE801L01010,NSE_EQ|INE801L01010
Ajanta Pharma Limited,AJANTPHARM,NSE,India,,EQ,INE031B01049,NSE_EQ|INE031B01049
Ajax Engineering Limited,AJAXENGG,NSE,India,,EQ,INE274Y01021,NSE_EQ|INE274Y01021
Ajmera Realty & Infra India Limited,AJMERA,NSE,India,,EQ,INE298G01035,NSE_EQ|INE298G01035
Ajooni Biotech Limited,AJOONI,NSE,India,,EQ,INE820Y01021,NSE_EQ|INE820Y01021
Akash Infra-Projects Limited,AKASH,NSE,India,,EQ,INE737W01013,NSE_EQ|INE737W01013
AK Capital Services Limited,AKCAPIT,NSE,India,,EQ,INE701G01012,NSE_EQ|INE701G01012
Akg Exim Limited,AKG,NSE,India,,EQ,INE00Y801016,NSE_EQ|INE00Y801016
AKI India Limited,AKI,NSE,India,,EQ,INE642Z01026,NSE_EQ|INE642Z01026
Akshar Spintex Limited,AKSHAR,NSE,India,,EQ,INE256Z01025,NSE_EQ|INE256Z01025
AksharChem India Limited,AKSHARCHEM,NSE,India,,BE,INE542B01011,NSE_EQ|INE542B01011
Aksh Optifibre Limited,AKSHOPTFBR,NSE,India,,BE,INE523B01011,NSE_EQ|INE523B01011
Akums Drugs and Pharmaceuticals Limited,AKUMS,NSE,India,,EQ,INE09XN01023,NSE_EQ|INE09XN01023
Alankit Limited,ALANKIT,NSE,India,,EQ,INE914E01040,NSE_EQ|INE914E01040
Albert David Limited,ALBERTDAVD,NSE,India,,EQ,INE155C01010,NSE_EQ|INE155C01010
Alembic Limited,ALEMBICLTD,NSE,India,,EQ,INE426A01027,NSE_EQ|INE426A01027
Algoquant Fintech Limited,ALGOQUANT,NSE,India,,EQ,INE598D01035,NSE_EQ|INE598D01035
Alicon Castalloy Limited,ALICON,NSE,India,,EQ,INE062D01024,NSE_EQ|INE062D01024
Alivus Life Sciences Limited,ALIVUS,NSE,India,,EQ,INE03Q201024,NSE_EQ|INE03Q201024
Alkali Metals Limited,ALKALI,NSE,India,,BE,INE773I01017,NSE_EQ|INE773I01017
Alkem Laboratories Limited,ALKEM,NSE,India,,EQ,INE540L01014,NSE_EQ|INE540L01014
Alkyl Amines Chemicals Limited,ALKYLAMINE,NSE,India,,EQ,INE150B01039,NSE_EQ|INE150B01039
Allcargo Logistics Limited,ALLCARGO,NSE,India,,EQ,INE418H01029,NSE_EQ|INE418H01029
Alldigi Tech Limited,ALLDIGI,NSE,India,,EQ,INE835G01018,NSE_EQ|INE835G01018
All Time Plastics Limited,ALLTIME,NSE,India,,EQ,INE0GV601021,NSE_EQ|INE0GV601021
Almondz Global Securities Limited,ALMONDZ,NSE,India,,EQ,INE326B01035,NSE_EQ|INE326B01035
Alok Industries Limited,ALOKINDS,NSE,India,,EQ,INE270A01029,NSE_EQ|INE270A01029
Alpa Laboratories Limited,ALPA,NSE,India,,EQ,INE385I01010,NSE_EQ|INE385I01010
Alphageo (India) Limited,ALPHAGEO,NSE,India,,EQ,INE137C01018,NSE_EQ|INE137C01018
Alpine Texworld Limited,ALPINETEX,NSE,India,,EQ,INE1JCQ01037,NSE_EQ|INE1JCQ01037
Amagi Media Labs Limited,AMAGI,NSE,India,,EQ,INE121R01077,NSE_EQ|INE121R01077
Amanta Healthcare Limited,AMANTA,NSE,India,,BE,INE084K01015,NSE_EQ|INE084K01015
Ambalal Sarabhai Enterprises Limited,AMBALALSA,NSE,India,,EQ,INE432A01017,NSE_EQ|INE432A01017
Amber Enterprises India Limited,AMBER,NSE,India,,EQ,INE371P01015,NSE_EQ|INE371P01015
Ambica Agarbathies & Aroma industries Limited,AMBICAAGAR,NSE,India,,EQ,INE792B01012,NSE_EQ|INE792B01012
Ambika Cotton Mills Limited,AMBIKCO,NSE,India,,EQ,INE540G01014,NSE_EQ|INE540G01014
Ambuja Cements Limited,AMBUJACEM,NSE,India,,EQ,INE079A01024,NSE_EQ|INE079A01024
AMD Industries Limited,AMDIND,NSE,India,,EQ,INE005I01014,NSE_EQ|INE005I01014
Amj Land Holdings Limited,AMJLAND,NSE,India,,EQ,INE606A01024,NSE_EQ|INE606A01024
Amines & Plasticizers Limited,AMNPLST,NSE,India,,EQ,INE275D01022,NSE_EQ|INE275D01022
Amrutanjan Health Care Limited,AMRUTANJAN,NSE,India,,EQ,INE098F01031,NSE_EQ|INE098F01031
Anand Rathi Wealth Limited,ANANDRATHI,NSE,India,,EQ,INE463V01026,NSE_EQ|INE463V01026
Anant Raj Limited,ANANTRAJ,NSE,India,,EQ,INE242C01024,NSE_EQ|INE242C01024
ANDHRA PAPER LIMITED,ANDHRAPAP,NSE,India,,EQ,INE435A01051,NSE_EQ|INE435A01051
The Andhra Sugars Limited,ANDHRSUGAR,NSE,India,,EQ,INE715B01021,NSE_EQ|INE715B01021
Angel One Limited,ANGELONE,NSE,India,,EQ,INE732I01021,NSE_EQ|INE732I01021
Anik Industries Limited,ANIKINDS,NSE,India,,EQ,INE087B01017,NSE_EQ|INE087B01017
Ankit Metal & Power Limited,ANKITMETAL,NSE,India,,BZ,INE106I01010,NSE_EQ|INE106I01010
Anmol India Limited,ANMOL,NSE,India,,EQ,INE02AR01019,NSE_EQ|INE02AR01019
Ansal Properties & Infrastructure Limited,ANSALAPI,NSE,India,,BZ,INE436A01026,NSE_EQ|INE436A01026
Antelopus Selan Energy Limited,ANTELOPUS,NSE,India,,EQ,INE818A01017,NSE_EQ|INE818A01017
Antarctica Limited,ANTGRAPHIC,NSE,India,,EQ,INE414B01021,NSE_EQ|INE414B01021
Anthem Biosciences Limited,ANTHEM,NSE,India,,EQ,INE0CZ201020,NSE_EQ|INE0CZ201020
Anuh Pharma Limited,ANUHPHR,NSE,India,,EQ,INE489G01022,NSE_EQ|INE489G01022
The Anup Engineering Limited,ANUP,NSE,India,,EQ,INE294Z01018,NSE_EQ|INE294Z01018
Anupam Rasayan India Limited,ANURAS,NSE,India,,EQ,INE930P01018,NSE_EQ|INE930P01018
Apar Industries Limited,APARINDS,NSE,India,,EQ,INE372A01015,NSE_EQ|INE372A01015
Anjani Portland Cement Limited,APCL,NSE,India,,EQ,INE071F01012,NSE_EQ|INE071F01012
Apcotex Industries Limited,APCOTEXIND,NSE,India,,EQ,INE116A01032,NSE_EQ|INE116A01032
Apex Frozen Foods Limited,APEX,NSE,India,,EQ,INE346W01013,NSE_EQ|INE346W01013
APL Apollo Tubes Limited,APLAPOLLO,NSE,India,,EQ,INE702C01027,NSE_EQ|INE702C01027
Alembic Pharmaceuticals Limited,APLLTD,NSE,India,,EQ,INE901L01018,NSE_EQ|INE901L01018
Apollo Micro Systems Limited,APOLLO,NSE,India,,EQ,INE713T01028,NSE_EQ|INE713T01028
Apollo Hospitals Enterprise Limited,APOLLOHOSP,NSE,India,,EQ,INE437A01024,NSE_EQ|INE437A01024
Apollo Pipes Limited,APOLLOPIPE,NSE,India,,EQ,INE126J01016,NSE_EQ|INE126J01016
Apollo Tyres Limited,APOLLOTYRE,NSE,India,,EQ,INE438A01022,NSE_EQ|INE438A01022
Apollo Sindoori Hotels Limited,APOLSINHOT,NSE,India,,EQ,INE451F01024,NSE_EQ|INE451F01024
Aptech Limited,APTECHT,NSE,India,,BE,INE266F01018,NSE_EQ|INE266F01018
Aptus Value Housing Finance India Limited,APTUS,NSE,India,,EQ,INE852O01025,NSE_EQ|INE852O01025
Aqylon Nexus Limited,AQYLON,NSE,India,,EQ,INE416A01051,NSE_EQ|INE416A01051
Archidply Industries Limited,ARCHIDPLY,NSE,India,,EQ,INE877I01016,NSE_EQ|INE877I01016
Archies Limited,ARCHIES,NSE,India,,EQ,INE731A01020,NSE_EQ|INE731A01020
Amara Raja Energy & Mobility Limited,ARE&M,NSE,India,,EQ,INE885A01032,NSE_EQ|INE885A01032
Rajdarshan Industries Limited,ARENTERP,NSE,India,,EQ,INE610C01014,NSE_EQ|INE610C01014
Arfin India Limited,ARFIN,NSE,India,,EQ,INE784R01023,NSE_EQ|INE784R01023
Aries Agro Limited,ARIES,NSE,India,,EQ,INE298I01015,NSE_EQ|INE298I01015
Arihant Foundations & Housing Limited,ARIHANT,NSE,India,,EQ,INE413D01011,NSE_EQ|INE413D01011
Arihant Capital Markets Limited,ARIHANTCAP,NSE,India,,EQ,INE420B01036,NSE_EQ|INE420B01036
Arihant Superstructures Limited,ARIHANTSUP,NSE,India,,EQ,INE643K01018,NSE_EQ|INE643K01018
Arisinfra Solutions Limited,ARIS,NSE,India,,EQ,INE0H9P01028,NSE_EQ|INE0H9P01028
Arkade Developers Limited,ARKADE,NSE,India,,EQ,INE0QRL01017,NSE_EQ|INE0QRL01017
Arman Financial Services Limited,ARMANFIN,NSE,India,,EQ,INE109C01017,NSE_EQ|INE109C01017
Aro Granite Industries Limited,AROGRANITE,NSE,India,,EQ,INE210C01013,NSE_EQ|INE210C01013
Arrow Greentech Limited,ARROWGREEN,NSE,India,,BE,INE570D01018,NSE_EQ|INE570D01018
Arshiya Limited,ARSHIYA,NSE,India,,BZ,INE968D01022,NSE_EQ|INE968D01022
Anand Rathi Share and Stock Brokers Limited,ARSSBL,NSE,India,,EQ,INE549H01021,NSE_EQ|INE549H01021
Artemis Medicare Services Limited,ARTEMISMED,NSE,India,,EQ,INE025R01021,NSE_EQ|INE025R01021
Art Nirman Limited,ARTNIRMAN,NSE,India,,EQ,INE738V01013,NSE_EQ|INE738V01013
Arvee Laboratories (India) Limited,ARVEE,NSE,India,,EQ,INE006Z01016,NSE_EQ|INE006Z01016
Arvind Limited,ARVIND,NSE,India,,EQ,INE034A01011,NSE_EQ|INE034A01011
Arvind Fashions Limited,ARVINDFASN,NSE,India,,EQ,INE955V01021,NSE_EQ|INE955V01021
Arvind SmartSpaces Limited,ARVSMART,NSE,India,,EQ,INE034S01021,NSE_EQ|INE034S01021
Asahi India Glass Limited,ASAHIINDIA,NSE,India,,EQ,INE439A01020,NSE_EQ|INE439A01020
Asahi Songwon Colors Limited,ASAHISONG,NSE,India,,BE,INE228I01012,NSE_EQ|INE228I01012
Automotive Stampings and Assemblies Limited,ASAL,NSE,India,,EQ,INE900C01027,NSE_EQ|INE900C01027
Associated Alcohols & Breweries Ltd.,ASALCBR,NSE,India,,EQ,INE073G01016,NSE_EQ|INE073G01016
Ashapura Minechem Limited,ASHAPURMIN,NSE,India,,EQ,INE348A01023,NSE_EQ|INE348A01023
Ashiana Housing Limited,ASHIANA,NSE,India,,EQ,INE365D01021,NSE_EQ|INE365D01021
Ashika Global Securities Limited,ASHIKAG,NSE,India,,EQ,INE094B01013,NSE_EQ|INE094B01013
Ashima Limited,ASHIMASYN,NSE,India,,EQ,INE440A01010,NSE_EQ|INE440A01010
Ashoka Buildcon Limited,ASHOKA,NSE,India,,EQ,INE442H01029,NSE_EQ|INE442H01029
Ashoka Metcast Limited,ASHOKAMET,NSE,India,,EQ,INE760Y01011,NSE_EQ|INE760Y01011
Ashok Leyland Limited,ASHOKLEY,NSE,India,,EQ,INE208A01029,NSE_EQ|INE208A01029
Asian Energy Services Limited,ASIANENE,NSE,India,,EQ,INE276G01015,NSE_EQ|INE276G01015
Asian Hotels (North) Limited,ASIANHOTNR,NSE,India,,EQ,INE363A01022,NSE_EQ|INE363A01022
Asian Paints Limited,ASIANPAINT,NSE,India,,EQ,INE021A01026,NSE_EQ|INE021A01026
Asian Granito India Limited,ASIANTILES,NSE,India,,EQ,INE022I01019,NSE_EQ|INE022I01019
ASK Automotive Limited,ASKAUTOLTD,NSE,India,,EQ,INE491J01022,NSE_EQ|INE491J01022
Avio Smart Market Stack Limited,ASMS,NSE,India,,BE,INE855F01042,NSE_EQ|INE855F01042
Aspinwall and Company Limited,ASPINWALL,NSE,India,,EQ,INE991I01015,NSE_EQ|INE991I01015
Asian Star Company Limited,ASTAR,NSE,India,,EQ,INE194D01017,NSE_EQ|INE194D01017
Astec LifeSciences Limited,ASTEC,NSE,India,,EQ,INE563J01010,NSE_EQ|INE563J01010
Aster DM Quality Care Limited,ASTERDM,NSE,India,,EQ,INE914M01019,NSE_EQ|INE914M01019
Astral Limited,ASTRAL,NSE,India,,EQ,INE006I01046,NSE_EQ|INE006I01046
Astra Microwave Products Limited,ASTRAMICRO,NSE,India,,EQ,INE386C01029,NSE_EQ|INE386C01029
AstraZeneca Pharma India Limited,ASTRAZEN,NSE,India,,EQ,INE203A01020,NSE_EQ|INE203A01020
Astron Paper & Board Mill Limited,ASTRON,NSE,India,,BE,INE646X01014,NSE_EQ|INE646X01014
Atal Realtech Limited,ATALREAL,NSE,India,,EQ,INE0ALR01029,NSE_EQ|INE0ALR01029
Atam Valves Limited,ATAM,NSE,India,,EQ,INE09KD01013,NSE_EQ|INE09KD01013
Adani Total Gas Limited,ATGL,NSE,India,,EQ,INE399L01023,NSE_EQ|INE399L01023
Ather Energy Limited,ATHERENERG,NSE,India,,EQ,INE0LEZ01016,NSE_EQ|INE0LEZ01016
Allcargo Terminals Limited,ATL,NSE,India,,EQ,INE0NN701020,NSE_EQ|INE0NN701020
ATLANTAA LIMITED,ATLANTAA,NSE,India,,EQ,INE285H01022,NSE_EQ|INE285H01022
Atlanta Electricals Limited,ATLANTAELE,NSE,India,,EQ,INE0Z4F01028,NSE_EQ|INE0Z4F01028
Atlas Cycles (Haryana) Limited,ATLASCYCLE,NSE,India,,EQ,INE446A01025,NSE_EQ|INE446A01025
Atul Limited,ATUL,NSE,India,,EQ,INE100A01010,NSE_EQ|INE100A01010
Atul Auto Limited,ATULAUTO,NSE,India,,EQ,INE951D01028,NSE_EQ|INE951D01028
AU Small Finance Bank Limited,AUBANK,NSE,India,,EQ,INE949L01017,NSE_EQ|INE949L01017
Aurionpro Solutions Limited,AURIONPRO,NSE,India,,EQ,INE132H01018,NSE_EQ|INE132H01018
Aurobindo Pharma Limited,AUROPHARMA,NSE,India,,EQ,INE406A01037,NSE_EQ|INE406A01037
Aurum PropTech Limited,AURUM,NSE,India,,EQ,INE898S01029,NSE_EQ|INE898S01029
AURUS GEM CORPORATION LIMITED,AURUS,NSE,India,,EQ,INE142K01011,NSE_EQ|INE142K01011
Ausom Enterprise Limited,AUSOMENT,NSE,India,,BE,INE218C01016,NSE_EQ|INE218C01016
Automotive Axles Limited,AUTOAXLES,NSE,India,,EQ,INE449A01011,NSE_EQ|INE449A01011
Autoline Industries Limited,AUTOIND,NSE,India,,BE,INE718H01014,NSE_EQ|INE718H01014
Avadh Sugar & Energy Limited,AVADHSUGAR,NSE,India,,EQ,INE349W01017,NSE_EQ|INE349W01017
Avalon Technologies Limited,AVALON,NSE,India,,EQ,INE0LCL01028,NSE_EQ|INE0LCL01028
Avantel Limited,AVANTEL,NSE,India,,EQ,INE005B01027,NSE_EQ|INE005B01027
Avanti Feeds Limited,AVANTIFEED,NSE,India,,EQ,INE871C01038,NSE_EQ|INE871C01038
AVG Logistics Limited,AVG,NSE,India,,BE,INE680Z01018,NSE_EQ|INE680Z01018
Aditya Vision Limited,AVL,NSE,India,,EQ,INE679V01027,NSE_EQ|INE679V01027
Avonmore Capital & Management Services Limited,AVONMORE,NSE,India,,EQ,INE323B01024,NSE_EQ|INE323B01024
AVRO INDIA LIMITED,AVROIND,NSE,India,,EQ,INE652Z01025,NSE_EQ|INE652Z01025
AVT Natural Products Limited,AVTNPL,NSE,India,,EQ,INE488D01021,NSE_EQ|INE488D01021
Awfis Space Solutions Limited,AWFIS,NSE,India,,EQ,INE108V01019,NSE_EQ|INE108V01019
Antony Waste Handling Cell Limited,AWHCL,NSE,India,,EQ,INE01BK01022,NSE_EQ|INE01BK01022
AWL Agri Business Limited,AWL,NSE,India,,EQ,INE699H01024,NSE_EQ|INE699H01024
Axis Bank Limited,AXISBANK,NSE,India,,EQ,INE238A01034,NSE_EQ|INE238A01034
AXISCADES Technologies Limited,AXISCADES,NSE,India,,EQ,INE555B01013,NSE_EQ|INE555B01013
Axita Cotton Limited,AXITA,NSE,India,,EQ,INE02EZ01022,NSE_EQ|INE02EZ01022
Aye Finance Limited,AYE,NSE,India,,EQ,INE501X01029,NSE_EQ|INE501X01029
AYM Syntex Limited,AYMSYNTEX,NSE,India,,EQ,INE193B01039,NSE_EQ|INE193B01039
Azad Engineering Limited,AZAD,NSE,India,,EQ,INE02IJ01035,NSE_EQ|INE02IJ01035
Bafna Pharmaceuticals Limited,BAFNAPH,NSE,India,,BE,INE878I01022,NSE_EQ|INE878I01022
B.A.G Films and Media Limited,BAGFILMS,NSE,India,,EQ,INE116D01028,NSE_EQ|INE116D01028
Baid Finserv Limited,BAIDFIN,NSE,India,,EQ,INE020D01022,NSE_EQ|INE020D01022
Bajaj Auto Limited,BAJAJ-AUTO,NSE,India,,EQ,INE917I01010,NSE_EQ|INE917I01010
Bajaj Consumer Care Limited,BAJAJCON,NSE,India,,EQ,INE933K01021,NSE_EQ|INE933K01021
Bajaj Electricals Limited,BAJAJELEC,NSE,India,,EQ,INE193E01025,NSE_EQ|INE193E01025
Bajaj Finserv Limited,BAJAJFINSV,NSE,India,,EQ,INE918I01026,NSE_EQ|INE918I01026
Bajaj Healthcare Limited,BAJAJHCARE,NSE,India,,EQ,INE411U01027,NSE_EQ|INE411U01027
Bajaj Housing Finance Limited,BAJAJHFL,NSE,India,,EQ,INE377Y01014,NSE_EQ|INE377Y01014
Bajaj Hindusthan Sugar Limited,BAJAJHIND,NSE,India,,EQ,INE306A01021,NSE_EQ|INE306A01021
Bajaj Holdings & Investment Limited,BAJAJHLDNG,NSE,India,,EQ,INE118A01012,NSE_EQ|INE118A01012
Indef Manufacturing Limited,BAJAJINDEF,NSE,India,,EQ,INE0O9T01021,NSE_EQ|INE0O9T01021
Bajaj Steel Industries Limited,BAJAJST,NSE,India,,EQ,INE704G01024,NSE_EQ|INE704G01024
Bajel Projects Limited,BAJEL,NSE,India,,EQ,INE0KQN01018,NSE_EQ|INE0KQN01018
Bajaj Finance Limited,BAJFINANCE,NSE,India,,EQ,INE296A01032,NSE_EQ|INE296A01032
Shree Tirupati Balajee Agro Trading Company Limited,BALAJEE,NSE,India,,EQ,INE0S2G01011,NSE_EQ|INE0S2G01011
Balaji Telefilms Limited,BALAJITELE,NSE,India,,EQ,INE794B01026,NSE_EQ|INE794B01026
Balaji Amines Limited,BALAMINES,NSE,India,,EQ,INE050E01027,NSE_EQ|INE050E01027
BALAXI PHARMACEUTICALS LIMITED,BALAXI,NSE,India,,EQ,INE618N01022,NSE_EQ|INE618N01022
Balkrishna Paper Mills Limited,BALKRISHNA,NSE,India,,EQ,INE875R01011,NSE_EQ|INE875R01011
Balkrishna Industries Limited,BALKRISIND,NSE,India,,EQ,INE787D01026,NSE_EQ|INE787D01026
Balmer Lawrie & Company Limited,BALMLAWRIE,NSE,India,,EQ,INE164A01016,NSE_EQ|INE164A01016
Bal Pharma Limited,BALPHARMA,NSE,India,,EQ,INE083D01012,NSE_EQ|INE083D01012
Balrampur Chini Mills Limited,BALRAMCHIN,NSE,India,,EQ,INE119A01028,NSE_EQ|INE119A01028
Balu Forge Industries Limited,BALUFORGE,NSE,India,,EQ,INE011E01029,NSE_EQ|INE011E01029
Banaras Beads Limited,BANARBEADS,NSE,India,,EQ,INE655B01011,NSE_EQ|INE655B01011
Bannari Amman Sugars Limited,BANARISUG,NSE,India,,EQ,INE459A01010,NSE_EQ|INE459A01010
Banco Products (I) Limited,BANCOINDIA,NSE,India,,EQ,INE213C01025,NSE_EQ|INE213C01025
Bandhan Bank Limited,BANDHANBNK,NSE,India,,EQ,INE545U01014,NSE_EQ|INE545U01014
Bang Overseas Limited,BANG,NSE,India,,EQ,INE863I01016,NSE_EQ|INE863I01016
Banka BioLoo Limited,BANKA,NSE,India,,BE,INE862Y01015,NSE_EQ|INE862Y01015
Bank of Baroda,BANKBARODA,NSE,India,,EQ,INE028A01039,NSE_EQ|INE028A01039
Bank of India,BANKINDIA,NSE,India,,EQ,INE084A01016,NSE_EQ|INE084A01016
Bansal Wire Industries Limited,BANSALWIRE,NSE,India,,EQ,INE0B9K01025,NSE_EQ|INE0B9K01025
Banswara Syntex Limited,BANSWRAS,NSE,India,,EQ,INE629D01020,NSE_EQ|INE629D01020
BASF India Limited,BASF,NSE,India,,EQ,INE373A01013,NSE_EQ|INE373A01013
Bannari Amman Spinning Mills Limited,BASML,NSE,India,,BE,INE186H01022,NSE_EQ|INE186H01022
Bata India Limited,BATAINDIA,NSE,India,,EQ,INE176A01028,NSE_EQ|INE176A01028
Batliboi Limited,BATLIBOI,NSE,India,,EQ,INE177C01022,NSE_EQ|INE177C01022
Bayer Cropscience Limited,BAYERCROP,NSE,India,,EQ,INE462A01022,NSE_EQ|INE462A01022
Bharat Bijlee Limited,BBL,NSE,India,,EQ,INE464A01036,NSE_EQ|INE464A01036
Black Box Limited,BBOX,NSE,India,,EQ,INE676A01027,NSE_EQ|INE676A01027
The Bombay Burmah Trading Corporation Limited,BBTC,NSE,India,,EQ,INE050A01025,NSE_EQ|INE050A01025
B&B Triplewall Containers Limited,BBTCL,NSE,India,,EQ,INE01EE01011,NSE_EQ|INE01EE01011
Brightcom Group Limited,BCG,NSE,India,,EQ,INE425B01027,NSE_EQ|INE425B01027
Bcl Industries Limited,BCLIND,NSE,India,,EQ,INE412G01024,NSE_EQ|INE412G01024
Brand Concepts Limited,BCONCEPTS,NSE,India,,EQ,INE977Y01011,NSE_EQ|INE977Y01011
BCPL Railway Infrastructure Limited,BCPL,NSE,India,,EQ,INE00SW01015,NSE_EQ|INE00SW01015
Bharat Dynamics Limited,BDL,NSE,India,,EQ,INE171Z01026,NSE_EQ|INE171Z01026
Beardsell Limited,BEARDSELL,NSE,India,,EQ,INE520H01022,NSE_EQ|INE520H01022
Mrs. Bectors Food Specialities Limited,BECTORFOOD,NSE,India,,EQ,INE495P01020,NSE_EQ|INE495P01020
Bedmutha Industries Limited,BEDMUTHA,NSE,India,,EQ,INE844K01012,NSE_EQ|INE844K01012
Beekay Steel Industries Limited,BEEKAY,NSE,India,,EQ,INE213D01015,NSE_EQ|INE213D01015
Bharat Electronics Limited,BEL,NSE,India,,EQ,INE263A01024,NSE_EQ|INE263A01024
Bella Casa Fashion & Retail Limited,BELLACASA,NSE,India,,EQ,INE344T01014,NSE_EQ|INE344T01014
Belrise Industries Limited,BELRISE,NSE,India,,EQ,INE894V01022,NSE_EQ|INE894V01022
BEML Limited,BEML,NSE,India,,EQ,INE258A01024,NSE_EQ|INE258A01024
Bengal & Assam Company Limited,BENGALASM,NSE,India,,EQ,INE083K01017,NSE_EQ|INE083K01017
Bhansali Engineering Polymers Limited,BEPL,NSE,India,,EQ,INE922A01025,NSE_EQ|INE922A01025
Berger Paints (I) Limited,BERGEPAINT,NSE,India,,EQ,INE463A01038,NSE_EQ|INE463A01038
Best Agrolife Limited,BESTAGRO,NSE,India,,EQ,INE052T01021,NSE_EQ|INE052T01021
Beta Drugs Limited,BETA,NSE,India,,EQ,INE351Y01019,NSE_EQ|INE351Y01019
BF Investment Limited,BFINVEST,NSE,India,,EQ,INE878K01010,NSE_EQ|INE878K01010
BF Utilities Limited,BFUTILITIE,NSE,India,,EQ,INE243D01012,NSE_EQ|INE243D01012
BGR Energy Systems Limited,BGRENERGY,NSE,India,,BE,INE661I01014,NSE_EQ|INE661I01014
Bhagiradha Chemicals & Industries Limited,BHAGCHEM,NSE,India,,EQ,INE414D01027,NSE_EQ|INE414D01027
Bhageria Industries Limited,BHAGERIA,NSE,India,,BE,INE354C01027,NSE_EQ|INE354C01027
Bhagyanagar India Limited,BHAGYANGR,NSE,India,,BE,INE458B01036,NSE_EQ|INE458B01036
Bhandari Hosiery Exports Limited,BHANDARI,NSE,India,,BE,INE474E01029,NSE_EQ|INE474E01029
Bharat Coking Coal Limited,BHARATCOAL,NSE,India,,EQ,INE05XR01022,NSE_EQ|INE05XR01022
Bharat Forge Limited,BHARATFORG,NSE,India,,EQ,INE465A01025,NSE_EQ|INE465A01025
Bharat Gears Limited,BHARATGEAR,NSE,India,,BE,INE561C01019,NSE_EQ|INE561C01019
Bharat Rasayan Limited,BHARATRAS,NSE,India,,EQ,INE838B01021,NSE_EQ|INE838B01021
Bharat Seats Limited,BHARATSE,NSE,India,,EQ,INE415D01024,NSE_EQ|INE415D01024
Bharat Wire Ropes Limited,BHARATWIRE,NSE,India,,EQ,INE316L01019,NSE_EQ|INE316L01019
Bharti Airtel Limited,BHARTIARTL,NSE,India,,EQ,INE397D01024,NSE_EQ|INE397D01024
Bharti Hexacom Limited,BHARTIHEXA,NSE,India,,EQ,INE343G01021,NSE_EQ|INE343G01021
Bharat Heavy Electricals Limited,BHEL,NSE,India,,EQ,INE257A01026,NSE_EQ|INE257A01026
Bilcare Limited,BI,NSE,India,,EQ,INE986A01012,NSE_EQ|INE986A01012
Bigbloc Construction Limited,BIGBLOC,NSE,India,,EQ,INE412U01025,NSE_EQ|INE412U01025
Bikaji Foods International Limited,BIKAJI,NSE,India,,EQ,INE00E101023,NSE_EQ|INE00E101023
Bhartiya International Limited,BIL,NSE,India,,EQ,INE828A01016,NSE_EQ|INE828A01016
BIL VYAPAR LIMITED,BILVYAPAR,NSE,India,,BE,INE071A01013,NSE_EQ|INE071A01013
Bimetal Bearings Limited,BIMETAL,NSE,India,,EQ,INE469A01019,NSE_EQ|INE469A01019
Biocon Limited,BIOCON,NSE,India,,EQ,INE376G01013,NSE_EQ|INE376G01013
Biofil Chemicals & Pharmaceuticals Limited,BIOFILCHEM,NSE,India,,EQ,INE829A01014,NSE_EQ|INE829A01014
Birla Cable Limited,BIRLACABLE,NSE,India,,BE,INE800A01015,NSE_EQ|INE800A01015
Birla Corporation Limited,BIRLACORPN,NSE,India,,EQ,INE340A01012,NSE_EQ|INE340A01012
Aditya Birla Money Limited,BIRLAMONEY,NSE,India,,EQ,INE865C01022,NSE_EQ|INE865C01022
BirlaNu Limited,BIRLANU,NSE,India,,EQ,INE557A01011,NSE_EQ|INE557A01011
Birla Precision Technologies Limited,BIRLAPREC,NSE,India,,EQ,INE372E01025,NSE_EQ|INE372E01025
BLACKBUCK LIMITED,BLACKBUCK,NSE,India,,EQ,INE0UIZ01018,NSE_EQ|INE0UIZ01018
Black Rose Inds. Limited,BLACKROSE,NSE,India,,BE,INE761G01016,NSE_EQ|INE761G01016
BEML Land Assets Limited,BLAL,NSE,India,,EQ,INE0N7W01012,NSE_EQ|INE0N7W01012
BLB Limited,BLBLIMITED,NSE,India,,EQ,INE791A01024,NSE_EQ|INE791A01024
Balmer Lawrie Investments Limited,BLIL,NSE,India,,EQ,INE525F01025,NSE_EQ|INE525F01025
Bliss GVS Pharma Limited,BLISSGVS,NSE,India,,BE,INE416D01022,NSE_EQ|INE416D01022
B. L. Kashyap and Sons Limited,BLKASHYAP,NSE,India,,EQ,INE350H01032,NSE_EQ|INE350H01032
BLS International Services Limited,BLS,NSE,India,,EQ,INE153T01027,NSE_EQ|INE153T01027
BLS E-Services Limited,BLSE,NSE,India,,EQ,INE0NLT01010,NSE_EQ|INE0NLT01010
Blue Chip India Limited,BLUECHIP,NSE,India,,BE,INE657B01025,NSE_EQ|INE657B01025
Blue Coast Hotels Limited,BLUECOAST,NSE,India,,BE,INE472B01011,NSE_EQ|INE472B01011
Blue Dart Express Limited,BLUEDART,NSE,India,,EQ,INE233B01017,NSE_EQ|INE233B01017
Blue Jet Healthcare Limited,BLUEJET,NSE,India,,EQ,INE0KBH01020,NSE_EQ|INE0KBH01020
Blue Star Limited,BLUESTARCO,NSE,India,,EQ,INE472A01039,NSE_EQ|INE472A01039
BlueStone Jewellery and Lifestyle Limited,BLUESTONE,NSE,India,,EQ,INE304W01038,NSE_EQ|INE304W01038
Bluspring Enterprises Limited,BLUSPRING,NSE,India,,EQ,INE0U4101014,NSE_EQ|INE0U4101014
BMW Ventures Limited,BMWVENTLTD,NSE,India,,EQ,INE965W01036,NSE_EQ|INE965W01036
BN Agrochem Limited,BNAGROCHEM,NSE,India,,BE,INE00HZ01011,NSE_EQ|INE00HZ01011
B & A Limited,BNALTD,NSE,India,,BE,INE489D01011,NSE_EQ|INE489D01011
Bodal Chemicals Limited,BODALCHEM,NSE,India,,BE,INE338D01028,NSE_EQ|INE338D01028
Bohra Industries Limited,BOHRAIND,NSE,India,,EQ,INE802W01023,NSE_EQ|INE802W01023
Bombay Dyeing & Mfg Company Limited,BOMDYEING,NSE,India,,EQ,INE032A01023,NSE_EQ|INE032A01023
Bonlon Industries Limited,BONLON,NSE,India,,EQ,INE0B9A01018,NSE_EQ|INE0B9A01018
Borana Weaves Limited,BORANA,NSE,India,,EQ,INE16SF01016,NSE_EQ|INE16SF01016
Borosil Limited,BOROLTD,NSE,India,,EQ,INE02PY01013,NSE_EQ|INE02PY01013
BOROSIL RENEWABLES LIMITED,BORORENEW,NSE,India,,EQ,INE666D01022,NSE_EQ|INE666D01022
Borosil Scientific Limited,BOROSCI,NSE,India,,EQ,INE02L001032,NSE_EQ|INE02L001032
BOSCH HOME COMFORT INDIA LIMITED,BOSCH-HCIL,NSE,India,,EQ,INE782A01015,NSE_EQ|INE782A01015
Bosch Limited,BOSCHLTD,NSE,India,,EQ,INE323A01026,NSE_EQ|INE323A01026
Bharat Petroleum Corporation Limited,BPCL,NSE,India,,EQ,INE029A01011,NSE_EQ|INE029A01011
BPL Limited,BPL,NSE,India,,EQ,INE110A01019,NSE_EQ|INE110A01019
Brigade Enterprises Limited,BRIGADE,NSE,India,,EQ,INE791I01019,NSE_EQ|INE791I01019
Brigade Hotel Ventures Limited,BRIGHOTEL,NSE,India,,EQ,INE03NU01014,NSE_EQ|INE03NU01014
Britannia Industries Limited,BRITANNIA,NSE,India,,EQ,INE216A01030,NSE_EQ|INE216A01030
Bharat Road Network Limited,BRNL,NSE,India,,EQ,INE727S01012,NSE_EQ|INE727S01012
Brooks Laboratories Limited,BROOKS,NSE,India,,BE,INE650L01011,NSE_EQ|INE650L01011
BSE Limited,BSE,NSE,India,,EQ,INE118H01025,NSE_EQ|INE118H01025
Bombay Super Hybrid Seeds Limited,BSHSL,NSE,India,,BE,INE032Z01020,NSE_EQ|INE032Z01020
BSL Limited,BSL,NSE,India,,EQ,INE594B01012,NSE_EQ|INE594B01012
BIRLASOFT LIMITED,BSOFT,NSE,India,,EQ,INE836A01035,NSE_EQ|INE836A01035
Bodhi Tree Multimedia Limited,BTML,NSE,India,,EQ,INE0EEJ01023,NSE_EQ|INE0EEJ01023
Bhilwara Technical Textiles Limited,BTTL,NSE,India,,BE,INE274K01012,NSE_EQ|INE274K01012
Shankara Buildpro Limited,BUILDPRO,NSE,India,,EQ,INE24OJ01011,NSE_EQ|INE24OJ01011
Butterfly Gandhimathi Appliances Limited,BUTTERFLY,NSE,India,,EQ,INE295F01017,NSE_EQ|INE295F01017
Barak Valley Cements Limited,BVCL,NSE,India,,EQ,INE139I01011,NSE_EQ|INE139I01011
The Byke Hospitality Ltd,BYKE,NSE,India,,BE,INE319B01014,NSE_EQ|INE319B01014
California Software Company Limited,CALSOFT,NSE,India,,BE,INE526B01014,NSE_EQ|INE526B01014
Camlin Fine Sciences Limited,CAMLINFINE,NSE,India,,EQ,INE052I01032,NSE_EQ|INE052I01032
Campus Activewear Limited,CAMPUS,NSE,India,,EQ,INE278Y01022,NSE_EQ|INE278Y01022
Computer Age Management Services Limited,CAMS,NSE,India,,EQ,INE596I01020,NSE_EQ|INE596I01020
Canara Bank,CANBK,NSE,India,,EQ,INE476A01022,NSE_EQ|INE476A01022
Can Fin Homes Limited,CANFINHOME,NSE,India,,EQ,INE477A01020,NSE_EQ|INE477A01020
Canara HSBC Life Insurance Company Limited,CANHLIFE,NSE,India,,EQ,INE01TY01017,NSE_EQ|INE01TY01017
Cantabil Retail India Limited,CANTABIL,NSE,India,,EQ,INE068L01024,NSE_EQ|INE068L01024
Capacit'e Infraprojects Limited,CAPACITE,NSE,India,,EQ,INE264T01014,NSE_EQ|INE264T01014
Capillary Technologies India Limited,CAPILLARY,NSE,India,,EQ,INE0ILV01024,NSE_EQ|INE0ILV01024
Capital Small Finance Bank Limited,CAPITALSFB,NSE,India,,EQ,INE646H01017,NSE_EQ|INE646H01017
Caplin Point Laboratories Limited,CAPLIPOINT,NSE,India,,EQ,INE475E01026,NSE_EQ|INE475E01026
Capital Trust Limited,CAPTRUST,NSE,India,,BE,INE707C01018,NSE_EQ|INE707C01018
Carborundum Universal Limited,CARBORUNIV,NSE,India,,EQ,INE120A01034,NSE_EQ|INE120A01034
CARE Ratings Limited,CARERATING,NSE,India,,EQ,INE752H01013,NSE_EQ|INE752H01013
Carraro India Limited,CARRARO,NSE,India,,EQ,INE0V7W01012,NSE_EQ|INE0V7W01012
Cartrade Tech Limited,CARTRADE,NSE,India,,EQ,INE290S01011,NSE_EQ|INE290S01011
CARYSIL LIMITED,CARYSIL,NSE,India,,EQ,INE482D01024,NSE_EQ|INE482D01024
Castrol India Limited,CASTROLIND,NSE,India,,EQ,INE172A01027,NSE_EQ|INE172A01027
AvenuesAI Limited,CCAVENUE,NSE,India,,EQ,INE483S01020,NSE_EQ|INE483S01020
Consolidated Construction Consortium Limited,CCCL,NSE,India,,EQ,INE429I01024,NSE_EQ|INE429I01024
Country Club Hospitality & Holidays Limited,CCHHL,NSE,India,,EQ,INE652F01027,NSE_EQ|INE652F01027
CCL Products (India) Limited,CCL,NSE,India,,EQ,INE421D01022,NSE_EQ|INE421D01022
Central Depository Services (India) Limited,CDSL,NSE,India,,EQ,INE736A01011,NSE_EQ|INE736A01011
CEAT Limited,CEATLTD,NSE,India,,EQ,INE482A01020,NSE_EQ|INE482A01020
Ceigall India Limited,CEIGALL,NSE,India,,EQ,INE0AG901020,NSE_EQ|INE0AG901020
Ceinsys Tech Limited,CEINSYS,NSE,India,,EQ,INE016Q01014,NSE_EQ|INE016Q01014
Celebrity Fashions Limited,CELEBRITY,NSE,India,,EQ,INE185H01016,NSE_EQ|INE185H01016
Cello World Limited,CELLO,NSE,India,,EQ,INE0LMW01024,NSE_EQ|INE0LMW01024
Cemindia Projects Limited,CEMPRO,NSE,India,,EQ,INE686A01026,NSE_EQ|INE686A01026
Century Enka Limited,CENTENKA,NSE,India,,EQ,INE485A01015,NSE_EQ|INE485A01015
Century Extrusions Limited,CENTEXT,NSE,India,,EQ,INE281A01026,NSE_EQ|INE281A01026
Central Bank of India,CENTRALBK,NSE,India,,EQ,INE483A01010,NSE_EQ|INE483A01010
Centrum Capital Limited,CENTRUM,NSE,India,,EQ,INE660C01027,NSE_EQ|INE660C01027
Centum Electronics Limited,CENTUM,NSE,India,,EQ,INE320B01020,NSE_EQ|INE320B01020
Century Plyboards (India) Limited,CENTURYPLY,NSE,India,,EQ,INE348B01021,NSE_EQ|INE348B01021
Cera Sanitaryware Limited,CERA,NSE,India,,EQ,INE739E01017,NSE_EQ|INE739E01017
Cerebra Integrated Technologies Limited,CEREBRAINT,NSE,India,,BZ,INE345B01019,NSE_EQ|INE345B01019
CESC Limited,CESC,NSE,India,,EQ,INE486A01021,NSE_EQ|INE486A01021
Concord Enviro Systems Limited,CEWATER,NSE,India,,EQ,INE037Z01029,NSE_EQ|INE037Z01029
Capri Global Capital Limited,CGCL,NSE,India,,EQ,INE180C01042,NSE_EQ|INE180C01042
CG Power and Industrial Solutions Limited,CGPOWER,NSE,India,,EQ,INE067A01029,NSE_EQ|INE067A01029
Chalet Hotels Limited,CHALET,NSE,India,,EQ,INE427F01016,NSE_EQ|INE427F01016
Chambal Fertilizers & Chemicals Limited,CHAMBLFERT,NSE,India,,EQ,INE085A01013,NSE_EQ|INE085A01013
Chembond Material Technologies Limited,CHEMBOND,NSE,India,,BE,INE995D01025,NSE_EQ|INE995D01025
Chembond Chemicals Limited,CHEMBONDCH,NSE,India,,BE,INE0TGX01019,NSE_EQ|INE0TGX01019
Chemcon Speciality Chemicals Limited,CHEMCON,NSE,India,,BE,INE03YM01018,NSE_EQ|INE03YM01018
Chemfab Alkalis Limited,CHEMFAB,NSE,India,,BE,INE783X01023,NSE_EQ|INE783X01023
Chemplast Sanmar Limited,CHEMPLASTS,NSE,India,,EQ,INE488A01050,NSE_EQ|INE488A01050
Chennai Petroleum Corporation Limited,CHENNPETRO,NSE,India,,EQ,INE178A01016,NSE_EQ|INE178A01016
Cheviot Company Limited,CHEVIOT,NSE,India,,EQ,INE974B01016,NSE_EQ|INE974B01016
Choice International Limited,CHOICEIN,NSE,India,,EQ,INE102B01014,NSE_EQ|INE102B01014
Cholamandalam Investment and Finance Company Limited,CHOLAFIN,NSE,India,,EQ,INE121A01024,NSE_EQ|INE121A01024
Cholamandalam Financial Holdings Limited,CHOLAHLDNG,NSE,India,,EQ,INE149A01033,NSE_EQ|INE149A01033
CIE Automotive India Limited,CIEINDIA,NSE,India,,EQ,INE536H01010,NSE_EQ|INE536H01010
Capital India Finance Limited,CIFL,NSE,India,,EQ,INE345H01024,NSE_EQ|INE345H01024
Cineline India Limited,CINELINE,NSE,India,,EQ,INE704H01022,NSE_EQ|INE704H01022
Cinevista Limited,CINEVISTA,NSE,India,,EQ,INE039B01026,NSE_EQ|INE039B01026
Cipla Limited,CIPLA,NSE,India,,EQ,INE059A01026,NSE_EQ|INE059A01026
CLC Industries Limited,CLCIND,NSE,India,,BE,INE376C01038,NSE_EQ|INE376C01038
Clean Science and Technology Limited,CLEAN,NSE,India,,EQ,INE227W01023,NSE_EQ|INE227W01023
Clean Max Enviro Energy Solutions Limited,CLEANMAX,NSE,India,,EQ,INE647U01026,NSE_EQ|INE647U01026
CL Educate Limited,CLEDUCATE,NSE,India,,BE,INE201M01029,NSE_EQ|INE201M01029
Chaman Lal Setia Exports Limited,CLSEL,NSE,India,,EQ,INE419D01026,NSE_EQ|INE419D01026
Caliber Mining and Logistics Limited,CMLL,NSE,India,,EQ,INE11XY01018,NSE_EQ|INE11XY01018
Central Mine Planning & Design Institute Limited,CMPDI,NSE,India,,EQ,INE05HV01027,NSE_EQ|INE05HV01027
CMR Green Technologies Limited,CMRGREEN,NSE,India,,EQ,INE00WV01027,NSE_EQ|INE00WV01027
CMS Info Systems Limited,CMSINFO,NSE,India,,EQ,INE925R01014,NSE_EQ|INE925R01014
Creative Newtech Limited,CNL,NSE,India,,EQ,INE985W01018,NSE_EQ|INE985W01018
Coal India Limited,COALINDIA,NSE,India,,EQ,INE522F01014,NSE_EQ|INE522F01014
Coastal Corporation Limited,COASTCORP,NSE,India,,EQ,INE377E01024,NSE_EQ|INE377E01024
Cochin Shipyard Limited,COCHINSHIP,NSE,India,,EQ,INE704P01025,NSE_EQ|INE704P01025
John Cockerill India Limited,COCKERILL,NSE,India,,EQ,INE515A01019,NSE_EQ|INE515A01019
Coffee Day Enterprises Limited,COFFEEDAY,NSE,India,,BE,INE335K01011,NSE_EQ|INE335K01011
Coforge Limited,COFORGE,NSE,India,,EQ,INE591G01025,NSE_EQ|INE591G01025
Cohance Lifesciences Limited,COHANCE,NSE,India,,EQ,INE03QK01018,NSE_EQ|INE03QK01018
Colgate Palmolive (India) Limited,COLPAL,NSE,India,,EQ,INE259A01022,NSE_EQ|INE259A01022
Comfort Intech Limited,COMFINTE,NSE,India,,EQ,INE819A01049,NSE_EQ|INE819A01049
Compuage Infocom Limited,COMPINFO,NSE,India,,BZ,INE070C01037,NSE_EQ|INE070C01037
Compucom Software Limited,COMPUSOFT,NSE,India,,EQ,INE453B01029,NSE_EQ|INE453B01029
Commercial Syn Bags Limited,COMSYN,NSE,India,,EQ,INE073V01015,NSE_EQ|INE073V01015
Container Corporation of India Limited,CONCOR,NSE,India,,EQ,INE111A01025,NSE_EQ|INE111A01025
Concord Biotech Limited,CONCORDBIO,NSE,India,,EQ,INE338H01029,NSE_EQ|INE338H01029
Confidence Petroleum India Limited,CONFIPET,NSE,India,,EQ,INE552D01024,NSE_EQ|INE552D01024
Consolidated Finvest & Holdings Limited,CONSOFINVT,NSE,India,,BE,INE025A01027,NSE_EQ|INE025A01027
Control Print Limited,CONTROLPR,NSE,India,,EQ,INE663B01015,NSE_EQ|INE663B01015
Coral India Finance & Housing Limited,CORALFINAC,NSE,India,,EQ,INE558D01021,NSE_EQ|INE558D01021
Waterways Leisure Tourism Limited,CORDELIA,NSE,India,,EQ,INE0LZF01013,NSE_EQ|INE0LZF01013
Cords Cable Industries Limited,CORDSCABLE,NSE,India,,BE,INE792I01017,NSE_EQ|INE792I01017
Coromandel International Limited,COROMANDEL,NSE,India,,EQ,INE169A01031,NSE_EQ|INE169A01031
CORONA Remedies Limited,CORONA,NSE,India,,EQ,INE02ZQ01018,NSE_EQ|INE02ZQ01018
COSMO FIRST LIMITED,COSMOFIRST,NSE,India,,EQ,INE757A01017,NSE_EQ|INE757A01017
Country Condo's Limited,COUNCODOS,NSE,India,,EQ,INE695B01025,NSE_EQ|INE695B01025
CP Capital Limited,CPCAP,NSE,India,,BE,INE521J01018,NSE_EQ|INE521J01018
Career Point Edutech Limited,CPEDU,NSE,India,,EQ,INE0P6P01016,NSE_EQ|INE0P6P01016
Captain Polyplast Limited,CPL,NSE,India,,EQ,INE536P01021,NSE_EQ|INE536P01021
Aditya Infotech Limited,CPPLUS,NSE,India,,EQ,INE819V01029,NSE_EQ|INE819V01029
Craftsman Automation Limited,CRAFTSMAN,NSE,India,,EQ,INE00LO01017,NSE_EQ|INE00LO01017
Canara Robeco Asset Management Company Limited,CRAMC,NSE,India,,EQ,INE218I01013,NSE_EQ|INE218I01013
Creative Eye Limited,CREATIVEYE,NSE,India,,EQ,INE230B01021,NSE_EQ|INE230B01021
CREDITACCESS GRAMEEN LIMITED,CREDITACC,NSE,India,,EQ,INE741K01010,NSE_EQ|INE741K01010
Crest Ventures Limited,CREST,NSE,India,,EQ,INE559D01011,NSE_EQ|INE559D01011
Crisil Limited,CRISIL,NSE,India,,EQ,INE007A01025,NSE_EQ|INE007A01025
Crizac Limited,CRIZAC,NSE,India,,EQ,INE0S4R01014,NSE_EQ|INE0S4R01014
Crompton Greaves Consumer Electricals Limited,CROMPTON,NSE,India,,EQ,INE299U01018,NSE_EQ|INE299U01018
Crown Lifters Limited,CROWN,NSE,India,,EQ,INE491V01019,NSE_EQ|INE491V01019
CSB Bank Limited,CSBBANK,NSE,India,,EQ,INE679A01013,NSE_EQ|INE679A01013
CSL Finance Limited,CSLFINANCE,NSE,India,,EQ,INE718F01018,NSE_EQ|INE718F01018
CSM Technologies Limited,CSM,NSE,India,,EQ,INE0ZK601013,NSE_EQ|INE0ZK601013
Cambridge Technology Enterprises Limited,CTE,NSE,India,,EQ,INE627H01017,NSE_EQ|INE627H01017
City Union Bank Limited,CUB,NSE,India,,EQ,INE491A01021,NSE_EQ|INE491A01021
Cubex Tubings Limited,CUBEXTUB,NSE,India,,EQ,INE144D01012,NSE_EQ|INE144D01012
Cummins India Limited,CUMMINSIND,NSE,India,,EQ,INE298A01020,NSE_EQ|INE298A01020
Cupid Limited,CUPID,NSE,India,,EQ,INE509F01029,NSE_EQ|INE509F01029
Cura Technologies Limited,CURAA,NSE,India,,EQ,INE117B01020,NSE_EQ|INE117B01020
Cyber Media (India) Limited,CYBERMEDIA,NSE,India,,BE,INE278G01037,NSE_EQ|INE278G01037
Cybertech Systems And Software Limited,CYBERTECH,NSE,India,,BE,INE214A01019,NSE_EQ|INE214A01019
Cyient Limited,CYIENT,NSE,India,,EQ,INE136B01020,NSE_EQ|INE136B01020
Cyient DLM Limited,CYIENTDLM,NSE,India,,EQ,INE055S01018,NSE_EQ|INE055S01018
Dabur India Limited,DABUR,NSE,India,,EQ,INE016A01026,NSE_EQ|INE016A01026
Dai-Ichi Karkaria Limited,DAICHI,NSE,India,,BE,INE928C01010,NSE_EQ|INE928C01010
Dalmia Bharat Limited,DALBHARAT,NSE,India,,EQ,INE00R701025,NSE_EQ|INE00R701025
Dalmia Bharat Sugar and Industries Limited,DALMIASUG,NSE,India,,EQ,INE495A01022,NSE_EQ|INE495A01022
Dam Capital Advisors Limited,DAMCAPITAL,NSE,India,,EQ,INE284H01025,NSE_EQ|INE284H01025
Damodar Industries Limited,DAMODARIND,NSE,India,,BE,INE497D01022,NSE_EQ|INE497D01022
Dangee Dums Limited,DANGEE,NSE,India,,EQ,INE688Y01022,NSE_EQ|INE688Y01022
Datamatics Global Services Limited,DATAMATICS,NSE,India,,EQ,INE365B01017,NSE_EQ|INE365B01017
Data Patterns (India) Limited,DATAPATTNS,NSE,India,,EQ,INE0IX101010,NSE_EQ|INE0IX101010
Davangere Sugar Company Limited,DAVANGERE,NSE,India,,EQ,INE179G01029,NSE_EQ|INE179G01029
D.B.Corp Limited,DBCORP,NSE,India,,EQ,INE950I01011,NSE_EQ|INE950I01011
Deepak Builders & Engineers India Limited,DBEIL,NSE,India,,BE,INE0OPA01027,NSE_EQ|INE0OPA01027
Dilip Buildcon Limited,DBL,NSE,India,,EQ,INE917M01012,NSE_EQ|INE917M01012
Dhampur Bio Organics Limited,DBOL,NSE,India,,EQ,INE0I3401014,NSE_EQ|INE0I3401014
Valor Estate Limited,DBREALTY,NSE,India,,BE,INE879I01012,NSE_EQ|INE879I01012
DB (International) Stock Brokers Limited,DBSTOCKBRO,NSE,India,,BE,INE921B01025,NSE_EQ|INE921B01025
Dishman Carbogen Amcis Limited,DCAL,NSE,India,,EQ,INE385W01011,NSE_EQ|INE385W01011
DCB Bank Limited,DCBBANK,NSE,India,,EQ,INE503A01015,NSE_EQ|INE503A01015
Dc Infotech And Communication Limited,DCI,NSE,India,,EQ,INE0A1101019,NSE_EQ|INE0A1101019
DCM  Limited,DCM,NSE,India,,BE,INE498A01018,NSE_EQ|INE498A01018
DCM Financial Services Limited,DCMFINSERV,NSE,India,,EQ,INE891B01012,NSE_EQ|INE891B01012
DCM Nouvelle Limited,DCMNVL,NSE,India,,BE,INE08KP01019,NSE_EQ|INE08KP01019
DCM Shriram Limited,DCMSHRIRAM,NSE,India,,EQ,INE499A01024,NSE_EQ|INE499A01024
DCM Shriram International Limited,DCMSIL,NSE,India,,BE,INE0OU201013,NSE_EQ|INE0OU201013
DCM Shriram Industries Limited,DCMSRIND,NSE,India,,EQ,INE843D01027,NSE_EQ|INE843D01027
DCW Limited,DCW,NSE,India,,EQ,INE500A01029,NSE_EQ|INE500A01029
DCX Systems Limited,DCXINDIA,NSE,India,,EQ,INE0KL801015,NSE_EQ|INE0KL801015
Ddev Plastiks Industries Limited,DDEVPLSTIK,NSE,India,,EQ,INE0HR601026,NSE_EQ|INE0HR601026
Deccan Cements Limited,DECCANCE,NSE,India,,EQ,INE583C01021,NSE_EQ|INE583C01021
Deccan Gold Mines Limited,DECNGOLD,NSE,India,,EQ,INE945F01025,NSE_EQ|INE945F01025
DEE Development Engineers Limited,DEEDEV,NSE,India,,BE,INE841L01016,NSE_EQ|INE841L01016
Deepak Fertilizers and Petrochemicals Corporation Limited,DEEPAKFERT,NSE,India,,EQ,INE501A01019,NSE_EQ|INE501A01019
Deepak Nitrite Limited,DEEPAKNTR,NSE,India,,EQ,INE288B01029,NSE_EQ|INE288B01029
Deep Industries Limited,DEEPINDS,NSE,India,,EQ,INE0FHS01024,NSE_EQ|INE0FHS01024
Delhivery Limited,DELHIVERY,NSE,India,,EQ,INE148O01028,NSE_EQ|INE148O01028
DELPHI WORLD MONEY LIMITED,DELPHIFX,NSE,India,,BE,INE726L01027,NSE_EQ|INE726L01027
Delta Corp Limited,DELTACORP,NSE,India,,EQ,INE124G01033,NSE_EQ|INE124G01033
Delta Manufacturing Limited,DELTAMAGNT,NSE,India,,EQ,INE393A01011,NSE_EQ|INE393A01011
Den Networks Limited,DEN,NSE,India,,EQ,INE947J01015,NSE_EQ|INE947J01015
De Nora India Limited,DENORA,NSE,India,,EQ,INE244A01016,NSE_EQ|INE244A01016
Denta Water and Infra Solutions Limited,DENTA,NSE,India,,EQ,INE0R4L01018,NSE_EQ|INE0R4L01018
Dev Information Technology Limited,DEVIT,NSE,India,,EQ,INE060X01034,NSE_EQ|INE060X01034
Dev Accelerator Limited,DEVX,NSE,India,,EQ,INE0VOV01021,NSE_EQ|INE0VOV01021
Devyani International Limited,DEVYANI,NSE,India,,EQ,INE872J01023,NSE_EQ|INE872J01023
Digicontent Limited,DGCONTENT,NSE,India,,EQ,INE03JI01017,NSE_EQ|INE03JI01017
Dhampur Sugar Mills Limited,DHAMPURSUG,NSE,India,,EQ,INE041A01016,NSE_EQ|INE041A01016
Dhanlaxmi Bank Limited,DHANBANK,NSE,India,,EQ,INE680A01011,NSE_EQ|INE680A01011
Dhanuka Agritech Limited,DHANUKA,NSE,India,,EQ,INE435G01025,NSE_EQ|INE435G01025
DHARAN INFRA-EPC LIMITED,DHARAN,NSE,India,,BZ,INE278R01034,NSE_EQ|INE278R01034
Dharmaj Crop Guard Limited,DHARMAJ,NSE,India,,EQ,INE00OQ01016,NSE_EQ|INE00OQ01016
Dhruv Consultancy Services Limited,DHRUV,NSE,India,,BE,INE506Z01015,NSE_EQ|INE506Z01015
Dhunseri Investments Limited,DHUNINV,NSE,India,,EQ,INE320L01011,NSE_EQ|INE320L01011
Diamond Power Infrastructure Limited,DIACABS,NSE,India,,BE,INE989C01038,NSE_EQ|INE989C01038
Diamines & Chemicals Limited,DIAMINESQ,NSE,India,,EQ,INE591D01014,NSE_EQ|INE591D01014
Prataap Snacks Limited,DIAMONDYD,NSE,India,,EQ,INE393P01035,NSE_EQ|INE393P01035
DIC India Limited,DICIND,NSE,India,,EQ,INE303A01010,NSE_EQ|INE303A01010
Diffusion Engineers Limited,DIFFNKG,NSE,India,,EQ,INE184O01015,NSE_EQ|INE184O01015
Digidrive Distributors Limited,DIGIDRIVE,NSE,India,,EQ,INE0PSC01024,NSE_EQ|INE0PSC01024
DiGiSPICE Technologies Limited,DIGISPICE,NSE,India,,BE,INE927C01020,NSE_EQ|INE927C01020
Digitide Solutions Limited,DIGITIDE,NSE,India,,EQ,INE0U4701011,NSE_EQ|INE0U4701011
Digjam Limited,DIGJAMLMTD,NSE,India,,EQ,INE731U01028,NSE_EQ|INE731U01028
Disa India Limited,DISAQ,NSE,India,,EQ,INE131C01011,NSE_EQ|INE131C01011
Dish TV India Limited,DISHTV,NSE,India,,BE,INE836F01026,NSE_EQ|INE836F01026
Divgi Torqtransfer Systems Limited,DIVGIITTS,NSE,India,,EQ,INE753U01022,NSE_EQ|INE753U01022
Divi's Laboratories Limited,DIVISLAB,NSE,India,,EQ,INE361B01024,NSE_EQ|INE361B01024
Dixon Technologies (India) Limited,DIXON,NSE,India,,EQ,INE935N01020,NSE_EQ|INE935N01020
DJ Mediaprint & Logistics Limited,DJML,NSE,India,,EQ,INE0B1K01014,NSE_EQ|INE0B1K01014
DLF Limited,DLF,NSE,India,,EQ,INE271C01023,NSE_EQ|INE271C01023
D-Link (India) Limited,DLINKINDIA,NSE,India,,EQ,INE250K01012,NSE_EQ|INE250K01012
Avenue Supermarts Limited,DMART,NSE,India,,EQ,INE192R01011,NSE_EQ|INE192R01011
DMCC SPECIALITY CHEMICALS LIMITED,DMCC,NSE,India,,EQ,INE505A01010,NSE_EQ|INE505A01010
Diligent Media Corporation Limited,DNAMEDIA,NSE,India,,EQ,INE016M01021,NSE_EQ|INE016M01021
Dodla Dairy Limited,DODLA,NSE,India,,EQ,INE021O01019,NSE_EQ|INE021O01019
Dolat Algotech Limited,DOLATALGO,NSE,India,,EQ,INE966A01022,NSE_EQ|INE966A01022
Dollar Industries Limited,DOLLAR,NSE,India,,EQ,INE325C01035,NSE_EQ|INE325C01035
Dolphin Offshore Enterprises (India) Limited,DOLPHIN,NSE,India,,EQ,INE920A01037,NSE_EQ|INE920A01037
DOMS Industries Limited,DOMS,NSE,India,,EQ,INE321T01012,NSE_EQ|INE321T01012
Donear Industries Limited,DONEAR,NSE,India,,EQ,INE668D01028,NSE_EQ|INE668D01028
D. P. Abhushan Limited,DPABHUSHAN,NSE,India,,EQ,INE266Y01019,NSE_EQ|INE266Y01019
DPSC Limited,DPSCLTD,NSE,India,,BE,INE360C01024,NSE_EQ|INE360C01024
D P Wires Limited,DPWIRES,NSE,India,,BE,INE864X01013,NSE_EQ|INE864X01013
Dr Agarwals Eye Hospital Limited,DRAGARWQ,NSE,India,,EQ,INE934C01018,NSE_EQ|INE934C01018
DRC Systems India Limited,DRCSYSTEMS,NSE,India,,EQ,INE03RS01027,NSE_EQ|INE03RS01027
Dreamfolks Services Limited,DREAMFOLKS,NSE,India,,EQ,INE0JS101016,NSE_EQ|INE0JS101016
Dredging Corporation of India Limited,DREDGECORP,NSE,India,,EQ,INE506A01018,NSE_EQ|INE506A01018
Dr. Reddy's Laboratories Limited,DRREDDY,NSE,India,,EQ,INE089A01031,NSE_EQ|INE089A01031
DCM Shriram Fine Chemicals Limited,DSFCL,NSE,India,,BE,INE0OFM01015,NSE_EQ|INE0OFM01015
DS Kulkarni Developers Limited,DSKULKARNI,NSE,India,,BE,INE891A01022,NSE_EQ|INE891A01022
Dynacons Systems & Solutions Limited,DSSL,NSE,India,,EQ,INE417B01040,NSE_EQ|INE417B01040
Dhunseri Tea & Industries Limited,DTIL,NSE,India,,EQ,INE341R01014,NSE_EQ|INE341R01014
Ducon Infratechnologies Limited,DUCON,NSE,India,,EQ,INE741L01018,NSE_EQ|INE741L01018
Dhunseri Ventures Limited,DVL,NSE,India,,EQ,INE477B01010,NSE_EQ|INE477B01010
Dwarikesh Sugar Industries Limited,DWARKESH,NSE,India,,EQ,INE366A01041,NSE_EQ|INE366A01041
Dynamic Cables Limited,DYCL,NSE,India,,EQ,INE600Y01019,NSE_EQ|INE600Y01019
Dynamatic Technologies Limited,DYNAMATECH,NSE,India,,EQ,INE221B01012,NSE_EQ|INE221B01012
Dynemic Products Limited,DYNPRO,NSE,India,,EQ,INE256H01015,NSE_EQ|INE256H01015
E2E Networks Limited,E2E,NSE,India,,EQ,INE255Z01027,NSE_EQ|INE255Z01027
Easy Trip Planners Limited,EASEMYTRIP,NSE,India,,EQ,INE07O001026,NSE_EQ|INE07O001026
Eastern Silk Industries Limited,EASTSILK,NSE,India,,BE,INE962C01035,NSE_EQ|INE962C01035
GNG Electronics Limited,EBGNG,NSE,India,,EQ,INE18JU01028,NSE_EQ|INE18JU01028
eClerx Services Limited,ECLERX,NSE,India,,EQ,INE738I01010,NSE_EQ|INE738I01010
Ecos (India) Mobility & Hospitality Limited,ECOSMOBLTY,NSE,India,,BE,INE06HJ01020,NSE_EQ|INE06HJ01020
Edelweiss Financial Services Limited,EDELWEISS,NSE,India,,EQ,INE532F01054,NSE_EQ|INE532F01054
EFC (I) Limited,EFCIL,NSE,India,,EQ,INE886D01026,NSE_EQ|INE886D01026
Eicher Motors Limited,EICHERMOT,NSE,India,,EQ,INE066A01021,NSE_EQ|INE066A01021
EID Parry India Limited,EIDPARRY,NSE,India,,EQ,INE126A01031,NSE_EQ|INE126A01031
Enviro Infra Engineers Limited,EIEL,NSE,India,,EQ,INE0LLY01014,NSE_EQ|INE0LLY01014
Euro India Fresh Foods Limited,EIFFL,NSE,India,,BE,INE546V01010,NSE_EQ|INE546V01010
EIH Associated Hotels Limited,EIHAHOTELS,NSE,India,,EQ,INE276C01014,NSE_EQ|INE276C01014
EIH Limited,EIHOTEL,NSE,India,,EQ,INE230A01023,NSE_EQ|INE230A01023
Eimco Elecon (India) Limited,EIMCOELECO,NSE,India,,EQ,INE158B01016,NSE_EQ|INE158B01016
Everest Kanto Cylinder Limited,EKC,NSE,India,,EQ,INE184H01027,NSE_EQ|INE184H01027
Elantas Beck India Limited,ELANTAS,NSE,India,,EQ,INE280B01018,NSE_EQ|INE280B01018
EL CID Investments Limited,ELCIDIN,NSE,India,,EQ,INE927X01018,NSE_EQ|INE927X01018
Eldeco Housing And Industries Limited,ELDEHSG,NSE,India,,EQ,INE668G01021,NSE_EQ|INE668G01021
Elecon Engineering Company Limited,ELECON,NSE,India,,EQ,INE205B01031,NSE_EQ|INE205B01031
Electrosteel Castings Limited,ELECTCAST,NSE,India,,EQ,INE086A01029,NSE_EQ|INE086A01029
Electrotherm (India) Limited,ELECTHERM,NSE,India,,EQ,INE822G01016,NSE_EQ|INE822G01016
Elgi Equipments Limited,ELGIEQUIP,NSE,India,,EQ,INE285A01027,NSE_EQ|INE285A01027
Elgi Rubber Company Limited,ELGIRUBCO,NSE,India,,EQ,INE819L01012,NSE_EQ|INE819L01012
Elin Electronics Limited,ELIN,NSE,India,,EQ,INE050401020,NSE_EQ|INE050401020
Elitecon International Limited,ELITECON,NSE,India,,EQ,INE669R01026,NSE_EQ|INE669R01026
Ellenbarrie Industrial Gases Limited,ELLEN,NSE,India,,EQ,INE236E01022,NSE_EQ|INE236E01022
Elpro International Limited,ELPROINTL,NSE,India,,EQ,INE579B01039,NSE_EQ|INE579B01039
Emami Limited,EMAMILTD,NSE,India,,EQ,INE548C01032,NSE_EQ|INE548C01032
Emami Paper Mills Limited,EMAMIPAP,NSE,India,,BE,INE830C01026,NSE_EQ|INE830C01026
Emami Realty Limited,EMAMIREAL,NSE,India,,BE,INE778K01012,NSE_EQ|INE778K01012
Embassy Developments Limited,EMBDL,NSE,India,,EQ,INE069I01010,NSE_EQ|INE069I01010
Emcure Pharmaceuticals Limited,EMCURE,NSE,India,,EQ,INE168P01015,NSE_EQ|INE168P01015
Electronics Mart India Limited,EMIL,NSE,India,,EQ,INE02YR01019,NSE_EQ|INE02YR01019
Emkay Global Financial Services Limited,EMKAY,NSE,India,,EQ,INE296H01011,NSE_EQ|INE296H01011
Emmbi Industries Limited,EMMBI,NSE,India,,BE,INE753K01015,NSE_EQ|INE753K01015
Emmvee Photovoltaic Power Limited,EMMVEE,NSE,India,,EQ,INE1C6T01020,NSE_EQ|INE1C6T01020
Empower India Limited,EMPOWER,NSE,India,,BE,INE507F01023,NSE_EQ|INE507F01023
EMS Limited,EMSLIMITED,NSE,India,,EQ,INE0OV601013,NSE_EQ|INE0OV601013
eMudhra Limited,EMUDHRA,NSE,India,,EQ,INE01QM01018,NSE_EQ|INE01QM01018
Endurance Technologies Limited,ENDURANCE,NSE,India,,EQ,INE913H01037,NSE_EQ|INE913H01037
Energy Development Company Limited,ENERGYDEV,NSE,India,,EQ,INE306C01019,NSE_EQ|INE306C01019
Engineers India Limited,ENGINERSIN,NSE,India,,EQ,INE510A01028,NSE_EQ|INE510A01028
Entertainment Network (India) Limited,ENIL,NSE,India,,EQ,INE265F01028,NSE_EQ|INE265F01028
Siemens Energy India Limited,ENRIN,NSE,India,,EQ,INE1NPP01017,NSE_EQ|INE1NPP01017
Entero Healthcare Solutions Limited,ENTERO,NSE,India,,EQ,INE010601016,NSE_EQ|INE010601016
EPACK Durable Limited,EPACK,NSE,India,,EQ,INE0G5901015,NSE_EQ|INE0G5901015
EPack Prefab Technologies Limited,EPACKPEB,NSE,India,,EQ,INE0MLS01022,NSE_EQ|INE0MLS01022
Epigral Limited,EPIGRAL,NSE,India,,EQ,INE071N01016,NSE_EQ|INE071N01016
EPL Limited,EPL,NSE,India,,EQ,INE255A01020,NSE_EQ|INE255A01020
Equippp Social Impact Technologies Limited,EQUIPPP,NSE,India,,BE,INE217G01035,NSE_EQ|INE217G01035
Equitas Small Finance Bank Limited,EQUITASBNK,NSE,India,,EQ,INE063P01018,NSE_EQ|INE063P01018
Eris Lifesciences Limited,ERIS,NSE,India,,EQ,INE406M01024,NSE_EQ|INE406M01024
Esab India Limited,ESABINDIA,NSE,India,,EQ,INE284A01012,NSE_EQ|INE284A01012
ESAF Small Finance Bank Limited,ESAFSFB,NSE,India,,EQ,INE818W01011,NSE_EQ|INE818W01011
Escorts Kubota Limited,ESCORTS,NSE,India,,EQ,INE042A01014,NSE_EQ|INE042A01014
Essar Shipping Limited,ESSARSHPNG,NSE,India,,EQ,INE122M01019,NSE_EQ|INE122M01019
Integra Essentia Limited,ESSENTIA,NSE,India,,BE,INE418N01035,NSE_EQ|INE418N01035
Ester Industries Limited,ESTER,NSE,India,,EQ,INE778B01029,NSE_EQ|INE778B01029
ETERNAL LIMITED,ETERNAL,NSE,India,,EQ,INE758T01015,NSE_EQ|INE758T01015
Ethos Limited,ETHOSLTD,NSE,India,,EQ,INE04TZ01018,NSE_EQ|INE04TZ01018
Eureka Forbes Limited,EUREKAFORB,NSE,India,,EQ,INE0KCE01017,NSE_EQ|INE0KCE01017
Euro Panel Products Limited,EUROBOND,NSE,India,,EQ,INE505V01016,NSE_EQ|INE505V01016
Euro Pratik Sales Limited,EUROPRATIK,NSE,India,,EQ,INE198501012,NSE_EQ|INE198501012
Eurotex Industries and Exports Limited,EUROTEXIND,NSE,India,,BE,INE022C01012,NSE_EQ|INE022C01012
Eveready Industries India Limited,EVEREADY,NSE,India,,EQ,INE128A01029,NSE_EQ|INE128A01029
Everest Industries Limited,EVERESTIND,NSE,India,,BE,INE295A01018,NSE_EQ|INE295A01018
Excel Industries Limited,EXCELINDUS,NSE,India,,EQ,INE369A01029,NSE_EQ|INE369A01029
Excelsoft Technologies Limited,EXCELSOFT,NSE,India,,EQ,INE606N01019,NSE_EQ|INE606N01019
Exicom Tele-Systems Limited,EXICOM,NSE,India,,EQ,INE777F01014,NSE_EQ|INE777F01014
Exide Industries Limited,EXIDEIND,NSE,India,,EQ,INE302A01020,NSE_EQ|INE302A01020
Expleo Solutions Limited,EXPLEOSOL,NSE,India,,EQ,INE201K01015,NSE_EQ|INE201K01015
Exxaro Tiles Limited,EXXARO,NSE,India,,EQ,INE0GFE01026,NSE_EQ|INE0GFE01026
Fabtech Technologies Limited,FABTECH,NSE,India,,EQ,INE0HF201011,NSE_EQ|INE0HF201011
Fertilizers and Chemicals Travancore Limited,FACT,NSE,India,,EQ,INE188A01015,NSE_EQ|INE188A01015
Fairchem Organics Limited,FAIRCHEMOR,NSE,India,,BE,INE0DNW01011,NSE_EQ|INE0DNW01011
Faze Three Limited,FAZE3Q,NSE,India,,EQ,INE963C01033,NSE_EQ|INE963C01033
Fineotex Chemical Limited,FCL,NSE,India,,EQ,INE045J01034,NSE_EQ|INE045J01034
FCS Software Solutions Limited,FCSSOFT,NSE,India,,EQ,INE512B01022,NSE_EQ|INE512B01022
FDC Limited,FDC,NSE,India,,EQ,INE258B01022,NSE_EQ|INE258B01022
Fedders Holding Limited,FEDDERSHOL,NSE,India,,EQ,INE417D01020,NSE_EQ|INE417D01020
The Federal Bank  Limited,FEDERALBNK,NSE,India,,EQ,INE171A01029,NSE_EQ|INE171A01029
Fedbank Financial Services Limited,FEDFINA,NSE,India,,EQ,INE007N01010,NSE_EQ|INE007N01010
Future Enterprises Limited,FEL,NSE,India,,BZ,INE623B01027,NSE_EQ|INE623B01027
Future Enterprises Limited,FELDVR,NSE,India,,BZ,IN9623B01058,NSE_EQ|IN9623B01058
Fermenta Biotech Limited,FERMENTA,NSE,India,,EQ,INE225B01021,NSE_EQ|INE225B01021
Fiberweb (India) Limited,FIBERWEB,NSE,India,,EQ,INE296C01020,NSE_EQ|INE296C01020
Fiem Industries Limited,FIEMIND,NSE,India,,EQ,INE737H01014,NSE_EQ|INE737H01014
Filatex India Limited,FILATEX,NSE,India,,EQ,INE816B01035,NSE_EQ|INE816B01035
Filatex Fashions Limited,FILATFASH,NSE,India,,BE,INE185E01021,NSE_EQ|INE185E01021
Finolex Cables Limited,FINCABLES,NSE,India,,EQ,INE235A01022,NSE_EQ|INE235A01022
Fine Organic Industries Limited,FINEORG,NSE,India,,EQ,INE686Y01026,NSE_EQ|INE686Y01026
Finkurve Financial Services Limited,FINKURVE,NSE,India,,EQ,INE734I01027,NSE_EQ|INE734I01027
Fino Payments Bank Limited,FINOPB,NSE,India,,EQ,INE02NC01014,NSE_EQ|INE02NC01014
Finolex Industries Limited,FINPIPE,NSE,India,,EQ,INE183A01024,NSE_EQ|INE183A01024
Brainbees Solutions Limited,FIRSTCRY,NSE,India,,EQ,INE02RE01045,NSE_EQ|INE02RE01045
Fischer Medical Ventures Limited,FISCHER,NSE,India,,EQ,INE771F01041,NSE_EQ|INE771F01041
Five-Star Business Finance Limited,FIVESTAR,NSE,India,,EQ,INE128S01021,NSE_EQ|INE128S01021
Flair Writing Industries Limited,FLAIR,NSE,India,,EQ,INE00Y201027,NSE_EQ|INE00Y201027
Flexituff Ventures International Limited,FLEXITUFF,NSE,India,,BE,INE060J01017,NSE_EQ|INE060J01017
Future Lifestyle Fashions Limited,FLFL,NSE,India,,BZ,INE452O01016,NSE_EQ|INE452O01016
Gujarat Fluorochemicals Limited,FLUOROCHEM,NSE,India,,EQ,INE09N301011,NSE_EQ|INE09N301011
Federal-Mogul Goetze (India) Limited.,FMGOETZE,NSE,India,,EQ,INE529A01010,NSE_EQ|INE529A01010
Future Market Networks Limited,FMNL,NSE,India,,BE,INE360L01017,NSE_EQ|INE360L01017
Focus Lighting and Fixtures Limited,FOCUS,NSE,India,,BE,INE593W01028,NSE_EQ|INE593W01028
Foods & Inns Limited,FOODSIN,NSE,India,,EQ,INE976E01023,NSE_EQ|INE976E01023
FORCE MOTORS LTD,FORCEMOT,NSE,India,,EQ,INE451A01017,NSE_EQ|INE451A01017
Fortis Healthcare Limited,FORTIS,NSE,India,,EQ,INE061F01013,NSE_EQ|INE061F01013
Foseco India Limited,FOSECOIND,NSE,India,,EQ,INE519A01011,NSE_EQ|INE519A01011
Fractal Analytics Limited,FRACTAL,NSE,India,,EQ,INE212S01015,NSE_EQ|INE212S01015
Frontier Springs Limited,FRONTSP,NSE,India,,EQ,INE572D01014,NSE_EQ|INE572D01014
Firstsource Solutions Limited,FSL,NSE,India,,EQ,INE684F01012,NSE_EQ|INE684F01012
Fusion Finance Limited,FUSION,NSE,India,,EQ,INE139R01012,NSE_EQ|INE139R01012
Gabriel India Limited,GABRIEL,NSE,India,,EQ,INE524A01029,NSE_EQ|INE524A01029
Gujarat Ambuja Exports Limited,GAEL,NSE,India,,EQ,INE036B01030,NSE_EQ|INE036B01030
GAIL (India) Limited,GAIL,NSE,India,,EQ,INE129A01019,NSE_EQ|INE129A01019
Gala Precision Engineering Limited,GALAPREC,NSE,India,,EQ,INE0RE001014,NSE_EQ|INE0RE001014
Galaxy Surfactants Limited,GALAXYSURF,NSE,India,,EQ,INE600K01018,NSE_EQ|INE600K01018
Gallantt Ispat Limited,GALLANTT,NSE,India,,EQ,INE297H01019,NSE_EQ|INE297H01019
Gandhar Oil Refinery (India) Limited,GANDHAR,NSE,India,,EQ,INE717W01049,NSE_EQ|INE717W01049
Gandhi Special Tubes Limited,GANDHITUBE,NSE,India,,EQ,INE524B01027,NSE_EQ|INE524B01027
Ganesha Ecosphere Limited,GANECOS,NSE,India,,EQ,INE845D01014,NSE_EQ|INE845D01014
Ganesh Benzoplast Limited,GANESHBE,NSE,India,,BE,INE388A01029,NSE_EQ|INE388A01029
Ganesh Consumer Products Limited,GANESHCP,NSE,India,,EQ,INE652V01016,NSE_EQ|INE652V01016
GANESH HOUSING LIMITED,GANESHHOU,NSE,India,,EQ,INE460C01014,NSE_EQ|INE460C01014
Ganga Forging Limited,GANGAFORGE,NSE,India,,BE,INE691Z01023,NSE_EQ|INE691Z01023
Ganges Securities Limited,GANGESSECU,NSE,India,,EQ,INE335W01016,NSE_EQ|INE335W01016
Garware Technical Fibres Limited,GARFIBRES,NSE,India,,EQ,INE276A01018,NSE_EQ|INE276A01018
Garuda Construction and Engineering Limited,GARUDA,NSE,India,,EQ,INE0JVO01026,NSE_EQ|INE0JVO01026
GACM Technologies Limited,GATECH,NSE,India,,BE,INE224E01028,NSE_EQ|INE224E01028
GACM Technologies Limited,GATECHDVR,NSE,India,,BE,INE224E01036,NSE_EQ|INE224E01036
Gateway Distriparks Limited,GATEWAY,NSE,India,,EQ,INE079J01017,NSE_EQ|INE079J01017
Gaudium IVF and Women Health Limited,GAUDIUMIVF,NSE,India,,BE,INE0P8B01020,NSE_EQ|INE0P8B01020
Gayatri Highways Limited,GAYAHWS,NSE,India,,EQ,INE287Z01012,NSE_EQ|INE287Z01012
Gayatri Projects Limited,GAYAPROJ,NSE,India,,BE,INE336H01023,NSE_EQ|INE336H01023
Gretex Corporate Services Limited,GCSL,NSE,India,,EQ,INE199P01028,NSE_EQ|INE199P01028
GeeCee Ventures Limited,GEECEE,NSE,India,,BE,INE916G01016,NSE_EQ|INE916G01016
Geekay Wires Limited,GEEKAYWIRE,NSE,India,,EQ,INE669X01032,NSE_EQ|INE669X01032
Gem Aromatics Limited,GEMAROMA,NSE,India,,EQ,INE06XZ01023,NSE_EQ|INE06XZ01023
Generic Engineering Construction and Projects Limited,GENCON,NSE,India,,EQ,INE854S01022,NSE_EQ|INE854S01022
Genesys International Corporation Limited,GENESYS,NSE,India,,EQ,INE727B01026,NSE_EQ|INE727B01026
Gensol Engineering Limited,GENSOL,NSE,India,,BZ,INE06H201014,NSE_EQ|INE06H201014
Genus Paper & Boards Limited,GENUSPAPER,NSE,India,,EQ,INE949P01018,NSE_EQ|INE949P01018
Genus Power Infrastructures Limited,GENUSPOWER,NSE,India,,EQ,INE955D01029,NSE_EQ|INE955D01029
Geojit Financial Services Limited,GEOJITFSL,NSE,India,,EQ,INE007B01023,NSE_EQ|INE007B01023
The Great Eastern Shipping Company Limited,GESHIP,NSE,India,,EQ,INE017A01032,NSE_EQ|INE017A01032
GFL Limited,GFLLIMITED,NSE,India,,EQ,INE538A01037,NSE_EQ|INE538A01037
GHCL Limited,GHCL,NSE,India,,EQ,INE539A01019,NSE_EQ|INE539A01019
GHCL Textiles Limited,GHCLTEXTIL,NSE,India,,EQ,INE0PA801013,NSE_EQ|INE0PA801013
GIC Housing Finance Limited,GICHSGFIN,NSE,India,,EQ,INE289B01019,NSE_EQ|INE289B01019
Globe International Carriers Limited,GICL,NSE,India,,EQ,INE947T01022,NSE_EQ|INE947T01022
General Insurance Corporation of India,GICRE,NSE,India,,EQ,INE481Y01014,NSE_EQ|INE481Y01014
Gillanders Arbuthnot & Company Limited,GILLANDERS,NSE,India,,EQ,INE047B01011,NSE_EQ|INE047B01011
Gillette India Limited,GILLETTE,NSE,India,,EQ,INE322A01010,NSE_EQ|INE322A01010
Ginni Filaments Limited,GINNIFILA,NSE,India,,BE,INE424C01010,NSE_EQ|INE424C01010
Gujarat Industries Power Company Limited,GIPCL,NSE,India,,EQ,INE162A01010,NSE_EQ|INE162A01010
GK Energy Limited,GKENERGY,NSE,India,,EQ,INE1AG301022,NSE_EQ|INE1AG301022
Gujarat Kidney And Super Speciality Limited,GKSL,NSE,India,,EQ,INE0V0W01025,NSE_EQ|INE0V0W01025
GKW Limited,GKWLIMITED,NSE,India,,EQ,INE528A01020,NSE_EQ|INE528A01020
Gland Pharma Limited,GLAND,NSE,India,,EQ,INE068V01023,NSE_EQ|INE068V01023
GlaxoSmithKline Pharmaceuticals Limited,GLAXO,NSE,India,,EQ,INE159A01016,NSE_EQ|INE159A01016
Glenmark Pharmaceuticals Limited,GLENMARK,NSE,India,,EQ,INE935A01035,NSE_EQ|INE935A01035
Gujarat Lease Financing Limited,GLFL,NSE,India,,BE,INE540A01017,NSE_EQ|INE540A01017
Global Education Limited,GLOBAL,NSE,India,,EQ,INE291W01037,NSE_EQ|INE291W01037
Globale Tessile Limited,GLOBALE,NSE,India,,BE,INE0URU01010,NSE_EQ|INE0URU01010
Global Vectra Helicorp Limited,GLOBALVECT,NSE,India,,EQ,INE792H01019,NSE_EQ|INE792H01019
GLOBE ENTERPRISES (INDIA) LIMITED,GLOBE,NSE,India,,EQ,INE581X01021,NSE_EQ|INE581X01021
Globe Civil Projects Limited,GLOBECIVIL,NSE,India,,EQ,INE0V3U01015,NSE_EQ|INE0V3U01015
Globus Spirits Limited,GLOBUSSPR,NSE,India,,EQ,INE615I01010,NSE_EQ|INE615I01010
Gloster Limited,GLOSTERLTD,NSE,India,,EQ,INE350Z01018,NSE_EQ|INE350Z01018
Glottis Limited,GLOTTIS,NSE,India,,BE,INE0TQE01026,NSE_EQ|INE0TQE01026
GM Breweries Limited,GMBREW,NSE,India,,EQ,INE075D01018,NSE_EQ|INE075D01018
Gujarat Mineral Development Corporation Limited,GMDCLTD,NSE,India,,EQ,INE131A01031,NSE_EQ|INE131A01031
GMM Pfaudler Limited,GMMPFAUDLR,NSE,India,,EQ,INE541A01023,NSE_EQ|INE541A01023
GMR AIRPORTS LIMITED,GMRAIRPORT,NSE,India,,EQ,INE776C01039,NSE_EQ|INE776C01039
GMR Power and Urban Infra Limited,GMRP&UI,NSE,India,,EQ,INE0CU601026,NSE_EQ|INE0CU601026
GNA Axles Limited,GNA,NSE,India,,EQ,INE934S01014,NSE_EQ|INE934S01014
Gujarat Narmada Valley Fertilizers and Chemicals Limited,GNFC,NSE,India,,EQ,INE113A01013,NSE_EQ|INE113A01013
Gujarat Natural Resources Limited,GNRL,NSE,India,,EQ,INE207H01018,NSE_EQ|INE207H01018
Goa Carbon Limited,GOACARBON,NSE,India,,EQ,INE426D01013,NSE_EQ|INE426D01013
GOCL Corporation Limited,GOCLCORP,NSE,India,,EQ,INE077F01035,NSE_EQ|INE077F01035
Go Fashion (India) Limited,GOCOLORS,NSE,India,,EQ,INE0BJS01011,NSE_EQ|INE0BJS01011
Godavari Biorefineries Limited,GODAVARIB,NSE,India,,EQ,INE497S01012,NSE_EQ|INE497S01012
Godfrey Phillips India Limited,GODFRYPHLP,NSE,India,,EQ,INE260B01028,NSE_EQ|INE260B01028
Go Digit General Insurance Limited,GODIGIT,NSE,India,,EQ,INE03JT01014,NSE_EQ|INE03JT01014
Godrej Agrovet Limited,GODREJAGRO,NSE,India,,EQ,INE850D01014,NSE_EQ|INE850D01014
Godrej Consumer Products Limited,GODREJCP,NSE,India,,EQ,INE102D01028,NSE_EQ|INE102D01028
Godrej Industries Limited,GODREJIND,NSE,India,,EQ,INE233A01035,NSE_EQ|INE233A01035
Godrej Properties Limited,GODREJPROP,NSE,India,,EQ,INE484J01027,NSE_EQ|INE484J01027
Gokaldas Exports Limited,GOKEX,NSE,India,,EQ,INE887G01027,NSE_EQ|INE887G01027
Gokul Refoils and Solvent Limited,GOKUL,NSE,India,,EQ,INE020J01029,NSE_EQ|INE020J01029
Gokul Agro Resources Limited,GOKULAGRO,NSE,India,,EQ,INE314T01033,NSE_EQ|INE314T01033
Golden Tobacco Limited,GOLDENTOBC,NSE,India,,BZ,INE973A01010,NSE_EQ|INE973A01010
Goldiam International Limited,GOLDIAM,NSE,India,,EQ,INE025B01025,NSE_EQ|INE025B01025
AION-TECH SOLUTIONS LIMITED,GOLDTECH,NSE,India,,BE,INE805A01014,NSE_EQ|INE805A01014
Goodluck India Limited,GOODLUCK,NSE,India,,EQ,INE127I01024,NSE_EQ|INE127I01024
Goodyear India Limited,GOODYEAR,NSE,India,,EQ,INE533A01012,NSE_EQ|INE533A01012
Gopal Snacks Limited,GOPAL,NSE,India,,EQ,INE0L9R01028,NSE_EQ|INE0L9R01028
Goyal Aluminiums Limited,GOYALALUM,NSE,India,,EQ,INE705X01026,NSE_EQ|INE705X01026
Godawari Power And Ispat limited,GPIL,NSE,India,,EQ,INE177H01039,NSE_EQ|INE177H01039
Gujarat Pipavav Port Limited,GPPL,NSE,India,,EQ,INE517F01014,NSE_EQ|INE517F01014
GPT Healthcare Limited,GPTHEALTH,NSE,India,,EQ,INE486R01017,NSE_EQ|INE486R01017
GPT Infraprojects Limited,GPTINFRA,NSE,India,,EQ,INE390G01014,NSE_EQ|INE390G01014
Gradiente Infotainment Limited,GRADIENTE,NSE,India,,BE,INE361K01017,NSE_EQ|INE361K01017
Grand Oak Canyons Distillery Limited,GRANDOAK,NSE,India,,EQ,INE926B01016,NSE_EQ|INE926B01016
Granules India Limited,GRANULES,NSE,India,,EQ,INE101D01020,NSE_EQ|INE101D01020
Graphite India Limited,GRAPHITE,NSE,India,,EQ,INE371A01025,NSE_EQ|INE371A01025
Grasim Industries Limited,GRASIM,NSE,India,,EQ,INE047A01021,NSE_EQ|INE047A01021
Grauer & Weil India Limited,GRAUWEIL,NSE,India,,EQ,INE266D01021,NSE_EQ|INE266D01021
Graviss Hospitality Limited,GRAVISSHO,NSE,India,,EQ,INE214F01026,NSE_EQ|INE214F01026
Gravita India Limited,GRAVITA,NSE,India,,EQ,INE024L01027,NSE_EQ|INE024L01027
Greaves Cotton Limited,GREAVESCOT,NSE,India,,EQ,INE224A01026,NSE_EQ|INE224A01026
Greenlam Industries Limited,GREENLAM,NSE,India,,EQ,INE544R01021,NSE_EQ|INE544R01021
Greenpanel Industries Limited,GREENPANEL,NSE,India,,EQ,INE08ZM01014,NSE_EQ|INE08ZM01014
Greenply Industries Limited,GREENPLY,NSE,India,,EQ,INE461C01038,NSE_EQ|INE461C01038
Orient Green Power Company Limited,GREENPOWER,NSE,India,,EQ,INE999K01014,NSE_EQ|INE999K01014
Grindwell Norton Limited,GRINDWELL,NSE,India,,EQ,INE536A01023,NSE_EQ|INE536A01023
G R Infraprojects Limited,GRINFRA,NSE,India,,EQ,INE201P01022,NSE_EQ|INE201P01022
GRM Overseas Limited,GRMOVER,NSE,India,,EQ,INE192H01020,NSE_EQ|INE192H01020
The Grob Tea Company Limited,GROBTEA,NSE,India,,EQ,INE646C01018,NSE_EQ|INE646C01018
Billionbrains Garage Ventures Limited,GROWW,NSE,India,,EQ,INE0HOQ01053,NSE_EQ|INE0HOQ01053
GRP Limited,GRPLTD,NSE,India,,EQ,INE137I01015,NSE_EQ|INE137I01015
Garden Reach Shipbuilders & Engineers Limited,GRSE,NSE,India,,EQ,INE382Z01011,NSE_EQ|INE382Z01011
Garware Hi-Tech Films Limited,GRWRHITECH,NSE,India,,EQ,INE291A01017,NSE_EQ|INE291A01017
Gujarat State Fertilizers & Chemicals Limited,GSFC,NSE,India,,EQ,INE026A01025,NSE_EQ|INE026A01025
Global Surfaces Limited,GSLSU,NSE,India,,EQ,INE0JSX01015,NSE_EQ|INE0JSX01015
GSP Crop Science Limited,GSPCROP,NSE,India,,EQ,INE713R01022,NSE_EQ|INE713R01022
GSS Infotech Limited,GSS,NSE,India,,EQ,INE871H01011,NSE_EQ|INE871H01011
G-TEC JAINX EDUCATION LIMITED,GTECJAINX,NSE,India,,BE,INE586X01012,NSE_EQ|INE586X01012
GTL Limited,GTL,NSE,India,,EQ,INE043A01012,NSE_EQ|INE043A01012
GTL Infrastructure Limited,GTLINFRA,NSE,India,,EQ,INE221H01019,NSE_EQ|INE221H01019
GTPL Hathway Limited,GTPL,NSE,India,,EQ,INE869I01013,NSE_EQ|INE869I01013
Gufic Biosciences Limited,GUFICBIO,NSE,India,,EQ,INE742B01025,NSE_EQ|INE742B01025
Gujarat Alkalies and Chemicals Limited,GUJALKALI,NSE,India,,EQ,INE186A01019,NSE_EQ|INE186A01019
Gujarat Apollo Industries Limited,GUJAPOLLO,NSE,India,,EQ,INE826C01016,NSE_EQ|INE826C01016
GUJARAT ENERGY LIMITED,GUJENERGY,NSE,India,,EQ,INE844O01030,NSE_EQ|INE844O01030
Gujarat Raffia Industries Limited,GUJRAFFIA,NSE,India,,EQ,INE610B01024,NSE_EQ|INE610B01024
Gujarat Themis Biosyn Limited,GUJTHEM,NSE,India,,EQ,INE942C01045,NSE_EQ|INE942C01045
Gulf Oil Lubricants India Limited,GULFOILLUB,NSE,India,,EQ,INE635Q01029,NSE_EQ|INE635Q01029
GP Petroleums Limited,GULFPETRO,NSE,India,,BE,INE586G01017,NSE_EQ|INE586G01017
Gulshan Polyols Limited,GULPOLY,NSE,India,,EQ,INE255D01024,NSE_EQ|INE255D01024
GVK Power & Infrastructure Limited,GVKPIL,NSE,India,,BE,INE251H01024,NSE_EQ|INE251H01024
GE Power India Limited,GVPIL,NSE,India,,EQ,INE878A01011,NSE_EQ|INE878A01011
GVP Infotech Limited,GVPTECH,NSE,India,,EQ,INE382T01030,NSE_EQ|INE382T01030
GE Vernova T&D India Limited,GVT&D,NSE,India,,EQ,INE200A01026,NSE_EQ|INE200A01026
Gyftr Limited,GYFTR,NSE,India,,EQ,INE724A01017,NSE_EQ|INE724A01017
Hindustan Aeronautics Limited,HAL,NSE,India,,EQ,INE066F01020,NSE_EQ|INE066F01020
Halder Venture Limited,HALDER,NSE,India,,EQ,INE115S01010,NSE_EQ|INE115S01010
Haldyn Glass Limited,HALDYNGL,NSE,India,,BE,INE506D01020,NSE_EQ|INE506D01020
HALEOS LABS LIMITED,HALEOSLABS,NSE,India,,EQ,INE320X01016,NSE_EQ|INE320X01016
Happiest Minds Technologies Limited,HAPPSTMNDS,NSE,India,,EQ,INE419U01012,NSE_EQ|INE419U01012
Happy Forgings Limited,HAPPYFORGE,NSE,India,,EQ,INE330T01021,NSE_EQ|INE330T01021
Hardwyn India Limited,HARDWYN,NSE,India,,EQ,INE626Z01029,NSE_EQ|INE626Z01029
Hariom Pipe Industries Limited,HARIOMPIPE,NSE,India,,EQ,INE00EV01017,NSE_EQ|INE00EV01017
Harrisons  Malayalam Limited,HARRMALAYA,NSE,India,,EQ,INE544A01019,NSE_EQ|INE544A01019
Harsha Engineers International Limited,HARSHA,NSE,India,,EQ,INE0JUS01029,NSE_EQ|INE0JUS01029
Hathway Cable & Datacom Limited,HATHWAY,NSE,India,,EQ,INE982F01036,NSE_EQ|INE982F01036
Hatsun Agro Product Limited,HATSUN,NSE,India,,EQ,INE473B01035,NSE_EQ|INE473B01035
Havells India Limited,HAVELLS,NSE,India,,EQ,INE176B01034,NSE_EQ|INE176B01034
Sri Havisha Hospitality and Infrastructure Limited,HAVISHA,NSE,India,,EQ,INE293B01029,NSE_EQ|INE293B01029
Hawkins Cookers Limited,HAWKINCOOK,NSE,India,,EQ,INE979B01015,NSE_EQ|INE979B01015
HB Estate Developers Limited,HBESD,NSE,India,,EQ,INE640B01021,NSE_EQ|INE640B01021
HBL Engineering Limited,HBLENGINE,NSE,India,,EQ,INE292B01021,NSE_EQ|INE292B01021
HB Stockholdings Limited,HBSL,NSE,India,,EQ,INE550B01022,NSE_EQ|INE550B01022
Hindustan Construction Company Limited,HCC,NSE,India,,EQ,INE549A01026,NSE_EQ|INE549A01026
Healthcare Global Enterprises Limited,HCG,NSE,India,,EQ,INE075I01017,NSE_EQ|INE075I01017
HCL Infosystems Limited,HCL-INSYS,NSE,India,,EQ,INE236A01020,NSE_EQ|INE236A01020
HCL Technologies Limited,HCLTECH,NSE,India,,EQ,INE860A01027,NSE_EQ|INE860A01027
HDB Financial Services Limited,HDBFS,NSE,India,,EQ,INE756I01012,NSE_EQ|INE756I01012
HDFC Asset Management Company Limited,HDFCAMC,NSE,India,,EQ,INE127D01025,NSE_EQ|INE127D01025
HDFC Bank Limited,HDFCBANK,NSE,India,,EQ,INE040A01034,NSE_EQ|INE040A01034
HDFC Life Insurance Company Limited,HDFCLIFE,NSE,India,,EQ,INE795G01014,NSE_EQ|INE795G01014
Housing Development and Infrastructure Limited,HDIL,NSE,India,,BZ,INE191I01012,NSE_EQ|INE191I01012
Heads UP Ventures Limited,HEADSUP,NSE,India,,EQ,INE759V01019,NSE_EQ|INE759V01019
Health X Platform Limited,HEALTHX,NSE,India,,EQ,INE019J01013,NSE_EQ|INE019J01013
HEC Infra Projects Limited,HECPROJECT,NSE,India,,EQ,INE558R01013,NSE_EQ|INE558R01013
HEG Limited,HEG,NSE,India,,EQ,INE545A01024,NSE_EQ|INE545A01024
HeidelbergCement India Limited,HEIDELBERG,NSE,India,,EQ,INE578A01017,NSE_EQ|INE578A01017
Hemisphere Properties India Limited,HEMIPROP,NSE,India,,EQ,INE0AJG01018,NSE_EQ|INE0AJG01018
Heranba Industries Limited,HERANBA,NSE,India,,EQ,INE694N01015,NSE_EQ|INE694N01015
Heritage Foods Limited,HERITGFOOD,NSE,India,,EQ,INE978A01027,NSE_EQ|INE978A01027
Hero MotoCorp Limited,HEROMOTOCO,NSE,India,,EQ,INE158A01026,NSE_EQ|INE158A01026
Hester Biosciences Limited,HESTERBIO,NSE,India,,EQ,INE782E01017,NSE_EQ|INE782E01017
Hexagon Nutrition Limited,HEXAGON,NSE,India,,BE,INE0JUI01012,NSE_EQ|INE0JUI01012
Hexa Tradex Limited,HEXATRADEX,NSE,India,,EQ,INE750M01017,NSE_EQ|INE750M01017
Hexaware Technologies Limited,HEXT,NSE,India,,EQ,INE093A01041,NSE_EQ|INE093A01041
HFCL Limited,HFCL,NSE,India,,EQ,INE548A01028,NSE_EQ|INE548A01028
H.G. Infra Engineering Limited,HGINFRA,NSE,India,,EQ,INE926X01010,NSE_EQ|INE926X01010
HandsOn Global Management (HGM) Limited,HGM,NSE,India,,EQ,INE596H01014,NSE_EQ|INE596H01014
Hinduja Global Solutions Limited,HGS,NSE,India,,EQ,INE170I01016,NSE_EQ|INE170I01016
Hikal Limited,HIKAL,NSE,India,,EQ,INE475B01022,NSE_EQ|INE475B01022
Highway Infrastructure Limited,HILINFRA,NSE,India,,EQ,INE00RL01028,NSE_EQ|INE00RL01028
Hilton Metal Forging Limited,HILTON,NSE,India,,BE,INE788H01017,NSE_EQ|INE788H01017
Himatsingka Seide Limited,HIMATSEIDE,NSE,India,,EQ,INE049A01027,NSE_EQ|INE049A01027
Hindalco Industries Limited,HINDALCO,NSE,India,,EQ,INE038A01020,NSE_EQ|INE038A01020
Hindustan Composites Limited,HINDCOMPOS,NSE,India,,EQ,INE310C01029,NSE_EQ|INE310C01029
Hindcon Chemicals Limited,HINDCON,NSE,India,,EQ,INE642Y01029,NSE_EQ|INE642Y01029
Hindustan Copper Limited,HINDCOPPER,NSE,India,,EQ,INE531E01026,NSE_EQ|INE531E01026
Hindustan Oil Exploration Company Limited,HINDOILEXP,NSE,India,,EQ,INE345A01011,NSE_EQ|INE345A01011
Hindustan Petroleum Corporation Limited,HINDPETRO,NSE,India,,EQ,INE094A01015,NSE_EQ|INE094A01015
Hindustan Unilever Limited,HINDUNILVR,NSE,India,,EQ,INE030A01027,NSE_EQ|INE030A01027
Hindware Home Innovation Limited,HINDWAREAP,NSE,India,,EQ,INE05AN01011,NSE_EQ|INE05AN01011
Hindustan Zinc Limited,HINDZINC,NSE,India,,EQ,INE267A01025,NSE_EQ|INE267A01025
Hind Rectifiers Limited,HIRECT,NSE,India,,EQ,INE835D01023,NSE_EQ|INE835D01023
Hisar Metal Industries Limited,HISARMETAL,NSE,India,,EQ,INE598C01011,NSE_EQ|INE598C01011
Hi-Tech Pipes Limited,HITECH,NSE,India,,EQ,INE106T01025,NSE_EQ|INE106T01025
Hitech Corporation Limited,HITECHCORP,NSE,India,,BE,INE120D01012,NSE_EQ|INE120D01012
The Hi-Tech Gears Limited,HITECHGEAR,NSE,India,,BE,INE127B01011,NSE_EQ|INE127B01011
HLE Glascoat Limited,HLEGLAS,NSE,India,,EQ,INE461D01028,NSE_EQ|INE461D01028
HLV LIMITED,HLVLTD,NSE,India,,EQ,INE102A01024,NSE_EQ|INE102A01024
HMA Agro Industries Limited,HMAAGRO,NSE,India,,EQ,INE0ECP01024,NSE_EQ|INE0ECP01024
HMT Limited,HMT,NSE,India,,BZ,INE262A01018,NSE_EQ|INE262A01018
Hindustan Media Ventures Limited,HMVL,NSE,India,,BE,INE871K01015,NSE_EQ|INE871K01015
Hindustan Foods Limited,HNDFDS,NSE,India,,EQ,INE254N01026,NSE_EQ|INE254N01026
Home First Finance Company India Limited,HOMEFIRST,NSE,India,,EQ,INE481N01025,NSE_EQ|INE481N01025
Honasa Consumer Limited,HONASA,NSE,India,,EQ,INE0J5401028,NSE_EQ|INE0J5401028
Honeywell Automation India Limited,HONAUT,NSE,India,,EQ,INE671A01010,NSE_EQ|INE671A01010
Honda India Power Products Limited,HONDAPOWER,NSE,India,,EQ,INE634A01018,NSE_EQ|INE634A01018
HP Adhesives Limited,HPAL,NSE,India,,EQ,INE0GSL01024,NSE_EQ|INE0GSL01024
Hindprakash Industries Limited,HPIL,NSE,India,,EQ,INE05X901010,NSE_EQ|INE05X901010
HPL Electric & Power Limited,HPL,NSE,India,,EQ,INE495S01016,NSE_EQ|INE495S01016
Himadri Speciality Chemical Limited,HSCL,NSE,India,,EQ,INE019C01026,NSE_EQ|INE019C01026
HT Media Limited,HTMEDIA,NSE,India,,EQ,INE501G01024,NSE_EQ|INE501G01024
Hubtown Limited,HUBTOWN,NSE,India,,EQ,INE703H01016,NSE_EQ|INE703H01016
Housing & Urban Development Corporation Limited,HUDCO,NSE,India,,EQ,INE031A01017,NSE_EQ|INE031A01017
Huhtamaki India Limited,HUHTAMAKI,NSE,India,,EQ,INE275B01026,NSE_EQ|INE275B01026
Hybrid Financial Services Limited,HYBRIDFIN,NSE,India,,BE,INE965B01022,NSE_EQ|INE965B01022
Hyundai Motor India Limited,HYUNDAI,NSE,India,,EQ,INE0V6F01027,NSE_EQ|INE0V6F01027
Indiabulls Limited,IBULLSLTD,NSE,India,,BE,INE126M01010,NSE_EQ|INE126M01010
ICDS Limited,ICDSLTD,NSE,India,,EQ,INE613B01010,NSE_EQ|INE613B01010
Ice Make Refrigeration Limited,ICEMAKE,NSE,India,,EQ,INE520Y01019,NSE_EQ|INE520Y01019
ICICI Prudential Asset Management Company Limited,ICICIAMC,NSE,India,,EQ,INE346A01027,NSE_EQ|INE346A01027
ICICI Bank Limited,ICICIBANK,NSE,India,,EQ,INE090A01021,NSE_EQ|INE090A01021
ICICI Lombard General Insurance Company Limited,ICICIGI,NSE,India,,EQ,INE765G01017,NSE_EQ|INE765G01017
ICICI Prudential Life Insurance Company Limited,ICICIPRULI,NSE,India,,EQ,INE726G01019,NSE_EQ|INE726G01019
Indo Count Industries Limited,ICIL,NSE,India,,EQ,INE483B01026,NSE_EQ|INE483B01026
ICRA Limited,ICRA,NSE,India,,EQ,INE725G01011,NSE_EQ|INE725G01011
IDBI Bank Limited,IDBI,NSE,India,,EQ,INE008A01015,NSE_EQ|INE008A01015
Vodafone Idea Limited,IDEA,NSE,India,,EQ,INE669E01016,NSE_EQ|INE669E01016
Ideaforge Technology Limited,IDEAFORGE,NSE,India,,BE,INE349Y01013,NSE_EQ|INE349Y01013
IDFC First Bank Limited,IDFCFIRSTB,NSE,India,,EQ,INE092T01019,NSE_EQ|INE092T01019
Indian Energy Exchange Limited,IEX,NSE,India,,EQ,INE022Q01020,NSE_EQ|INE022Q01020
IFB Agro Industries Limited,IFBAGRO,NSE,India,,BE,INE076C01018,NSE_EQ|INE076C01018
IFB Industries Limited,IFBIND,NSE,India,,EQ,INE559A01017,NSE_EQ|INE559A01017
IFCI Limited,IFCI,NSE,India,,EQ,INE039A01010,NSE_EQ|INE039A01010
IFGL Refractories Limited,IFGLEXPOR,NSE,India,,EQ,INE133Y01011,NSE_EQ|INE133Y01011
Igarashi Motors India Limited,IGARASHI,NSE,India,,EQ,INE188B01013,NSE_EQ|INE188B01013
Indogulf Cropsciences Limited,IGCL,NSE,India,,EQ,INE05J901018,NSE_EQ|INE05J901018
International Gemological Institute Limited,IGIL,NSE,India,,EQ,INE0Q9301021,NSE_EQ|INE0Q9301021
Indraprastha Gas Limited,IGL,NSE,India,,EQ,INE203G01027,NSE_EQ|INE203G01027
IG Petrochemicals Limited,IGPL,NSE,India,,EQ,INE204A01010,NSE_EQ|INE204A01010
IIFL Finance Limited,IIFL,NSE,India,,EQ,INE530B01024,NSE_EQ|INE530B01024
IIFL Capital Services Limited,IIFLCAPS,NSE,India,,EQ,INE489L01022,NSE_EQ|INE489L01022
Industrial Investment Trust Limited,IITL,NSE,India,,EQ,INE886A01014,NSE_EQ|INE886A01014
IKIO Technologies Limited,IKIO,NSE,India,,EQ,INE0LOJ01019,NSE_EQ|INE0LOJ01019
Inventurus Knowledge Solutions Limited,IKS,NSE,India,,EQ,INE115Q01022,NSE_EQ|INE115Q01022
IL&FS Engineering and Construction Company Limited,IL&FSENGG,NSE,India,,BZ,INE369I01014,NSE_EQ|INE369I01014
IL&FS Transportation Networks Limited,IL&FSTRANS,NSE,India,,BZ,INE975G01012,NSE_EQ|INE975G01012
Imagicaaworld Entertainment Limited,IMAGICAA,NSE,India,,EQ,INE172N01012,NSE_EQ|INE172N01012
Indian Metals & Ferro Alloys Limited,IMFA,NSE,India,,EQ,INE919H01018,NSE_EQ|INE919H01018
India Motor Parts and Accessories Limited,IMPAL,NSE,India,,EQ,INE547E01014,NSE_EQ|INE547E01014
Impex Ferro Tech Limited,IMPEXFERRO,NSE,India,,BZ,INE691G01015,NSE_EQ|INE691G01015
Insolation Energy Limited,INA,NSE,India,,EQ,INE0LGX01024,NSE_EQ|INE0LGX01024
INCREDIBLE INDUSTRIES LIMITED,INCREDIBLE,NSE,India,,EQ,INE452L01012,NSE_EQ|INE452L01012
Indbank Merchant Banking Services Limited,INDBANK,NSE,India,,EQ,INE841B01017,NSE_EQ|INE841B01017
Indegene Limited,INDGN,NSE,India,,EQ,INE065X01017,NSE_EQ|INE065X01017
The Indian Hotels Company Limited,INDHOTEL,NSE,India,,EQ,INE053A01029,NSE_EQ|INE053A01029
The India Cements Limited,INDIACEM,NSE,India,,EQ,INE383A01012,NSE_EQ|INE383A01012
India Glycols Limited,INDIAGLYCO,NSE,India,,EQ,INE560A01023,NSE_EQ|INE560A01023
Indiamart Intermesh Limited,INDIAMART,NSE,India,,EQ,INE933S01016,NSE_EQ|INE933S01016
Indian Bank,INDIANB,NSE,India,,EQ,INE562A01011,NSE_EQ|INE562A01011
Indian Card Clothing Company Limited,INDIANCARD,NSE,India,,EQ,INE061A01014,NSE_EQ|INE061A01014
Indian Hume Pipe Company Limited,INDIANHUME,NSE,India,,EQ,INE323C01030,NSE_EQ|INE323C01030
India Shelter Finance Corporation Limited,INDIASHLTR,NSE,India,,EQ,INE922K01024,NSE_EQ|INE922K01024
InterGlobe Aviation Limited,INDIGO,NSE,India,,EQ,INE646L01027,NSE_EQ|INE646L01027
Indigo Paints Limited,INDIGOPNTS,NSE,India,,EQ,INE09VQ01012,NSE_EQ|INE09VQ01012
Indiqube Spaces Limited,INDIQUBE,NSE,India,,EQ,INE06ST01018,NSE_EQ|INE06ST01018
India Nippon Electricals Limited,INDNIPPON,NSE,India,,EQ,INE092B01025,NSE_EQ|INE092B01025
Indo Amines Limited,INDOAMIN,NSE,India,,BE,INE760F01028,NSE_EQ|INE760F01028
Indo Borax & Chemicals Limited,INDOBORAX,NSE,India,,EQ,INE803D01021,NSE_EQ|INE803D01021
Indoco Remedies Limited,INDOCO,NSE,India,,EQ,INE873D01024,NSE_EQ|INE873D01024
Indo Farm Equipment Limited,INDOFARM,NSE,India,,EQ,INE622H01018,NSE_EQ|INE622H01018
INDO-MIM Limited,INDOMIM,NSE,India,,EQ,INE084101034,NSE_EQ|INE084101034
Indo Rama Synthetics (India) Limited,INDORAMA,NSE,India,,EQ,INE156A01020,NSE_EQ|INE156A01020
IndoStar Capital Finance Limited,INDOSTAR,NSE,India,,EQ,INE896L01010,NSE_EQ|INE896L01010
Indo Tech Transformers Limited,INDOTECH,NSE,India,,BE,INE332H01014,NSE_EQ|INE332H01014
Indo Thai Securities Limited,INDOTHAI,NSE,India,,EQ,INE337M01021,NSE_EQ|INE337M01021
Indo Us Biotech Limited,INDOUS,NSE,India,,EQ,INE250Z01010,NSE_EQ|INE250Z01010
Indowind Energy Limited,INDOWIND,NSE,India,,BE,INE227G01018,NSE_EQ|INE227G01018
Industrial & Prudential Investment Company Limited,INDPRUD,NSE,India,,EQ,INE620D01011,NSE_EQ|INE620D01011
Indraprastha Medical Corporation Limited,INDRAMEDCO,NSE,India,,EQ,INE681B01017,NSE_EQ|INE681B01017
Ind-Swift Laboratories Limited,INDSWFTLAB,NSE,India,,EQ,INE915B01019,NSE_EQ|INE915B01019
Indian Terrain Fashions Limited,INDTERRAIN,NSE,India,,EQ,INE611L01021,NSE_EQ|INE611L01021
IndusInd Bank Limited,INDUSINDBK,NSE,India,,EQ,INE095A01012,NSE_EQ|INE095A01012
Indus Towers Limited,INDUSTOWER,NSE,India,,EQ,INE121J01017,NSE_EQ|INE121J01017
InfoBeans Technologies Limited,INFOBEAN,NSE,India,,EQ,INE344S01016,NSE_EQ|INE344S01016
Infomedia Press Limited,INFOMEDIA,NSE,India,,EQ,INE669A01022,NSE_EQ|INE669A01022
Infosys Limited,INFY,NSE,India,,EQ,INE009A01021,NSE_EQ|INE009A01021
Ingersoll Rand (India) Limited,INGERRAND,NSE,India,,EQ,INE177A01018,NSE_EQ|INE177A01018
Innova Captab Limited,INNOVACAP,NSE,India,,EQ,INE0DUT01020,NSE_EQ|INE0DUT01020
Innovana Thinklabs Limited,INNOVANA,NSE,India,,EQ,INE403Y01018,NSE_EQ|INE403Y01018
Innovision Limited,INNOVISION,NSE,India,,EQ,INE0ADB01012,NSE_EQ|INE0ADB01012
Inox Green Energy Services Limited,INOXGREEN,NSE,India,,BE,INE510W01014,NSE_EQ|INE510W01014
INOX India Limited,INOXINDIA,NSE,India,,EQ,INE616N01034,NSE_EQ|INE616N01034
Inox Wind Limited,INOXWIND,NSE,India,,EQ,INE066P01011,NSE_EQ|INE066P01011
Insecticides (India) Limited,INSECTICID,NSE,India,,EQ,INE070I01018,NSE_EQ|INE070I01018
Inspirisys Solutions Limited,INSPIRISYS,NSE,India,,BE,INE020G01017,NSE_EQ|INE020G01017
Intellect Design Arena Limited,INTELLECT,NSE,India,,EQ,INE306R01017,NSE_EQ|INE306R01017
Intense Technologies Limited,INTENTECH,NSE,India,,EQ,INE781A01025,NSE_EQ|INE781A01025
Interarch Building Solutions Limited,INTERARCH,NSE,India,,EQ,INE00M901018,NSE_EQ|INE00M901018
International Conveyors Limited,INTLCONV,NSE,India,,EQ,INE575C01027,NSE_EQ|INE575C01027
Inventure Growth & Securities Limited,INVENTURE,NSE,India,,EQ,INE878H01024,NSE_EQ|INE878H01024
Investment & Precision Castings Limited,INVPRECQ,NSE,India,,BE,INE155E01016,NSE_EQ|INE155E01016
Indian Overseas Bank,IOB,NSE,India,,EQ,INE565A01014,NSE_EQ|INE565A01014
Indian Oil Corporation Limited,IOC,NSE,India,,EQ,INE242A01010,NSE_EQ|INE242A01010
IOL Chemicals and Pharmaceuticals Limited,IOLCP,NSE,India,,EQ,INE485C01029,NSE_EQ|INE485C01029
ION Exchange (India) Limited,IONEXCHANG,NSE,India,,EQ,INE570A01022,NSE_EQ|INE570A01022
IPCA Laboratories Limited,IPCALAB,NSE,India,,EQ,INE571A01038,NSE_EQ|INE571A01038
India Pesticides Limited,IPL,NSE,India,,EQ,INE0D6701023,NSE_EQ|INE0D6701023
IRB Infrastructure Developers Limited,IRB,NSE,India,,EQ,INE821I01022,NSE_EQ|INE821I01022
Ircon International Limited,IRCON,NSE,India,,EQ,INE962Y01021,NSE_EQ|INE962Y01021
Indian Railway Catering And Tourism Corporation Limited,IRCTC,NSE,India,,EQ,INE335Y01020,NSE_EQ|INE335Y01020
Indian Renewable Energy Development Agency Limited,IREDA,NSE,India,,EQ,INE202E01016,NSE_EQ|INE202E01016
Indian Railway Finance Corporation Limited,IRFC,NSE,India,,EQ,INE053F01010,NSE_EQ|INE053F01010
IRIS RegTech Solutions Limited,IRIS,NSE,India,,EQ,INE864K01010,NSE_EQ|INE864K01010
Iris Clothings Limited,IRISDOREME,NSE,India,,EQ,INE01GN01025,NSE_EQ|INE01GN01025
IRM Energy Limited,IRMENERGY,NSE,India,,EQ,INE07U701015,NSE_EQ|INE07U701015
Intrasoft Technologies Limited,ISFT,NSE,India,,EQ,INE566K01011,NSE_EQ|INE566K01011
Isgec Heavy Engineering Limited,ISGEC,NSE,India,,EQ,INE858B01029,NSE_EQ|INE858B01029
Ishan Dyes and Chemicals Limited,ISHANCH,NSE,India,,EQ,INE561M01018,NSE_EQ|INE561M01018
ITC Limited,ITC,NSE,India,,EQ,INE154A01025,NSE_EQ|INE154A01025
ITC Hotels Limited,ITCHOTELS,NSE,India,,EQ,INE379A01028,NSE_EQ|INE379A01028
India Tourism Development Corporation Limited,ITDC,NSE,India,,EQ,INE353K01014,NSE_EQ|INE353K01014
ITI Limited,ITI,NSE,India,,EQ,INE248A01017,NSE_EQ|INE248A01017
Ivalue Infosolutions Limited,IVALUE,NSE,India,,EQ,INE056801025,NSE_EQ|INE056801025
IL&FS Investment Managers Limited,IVC,NSE,India,,EQ,INE050B01023,NSE_EQ|INE050B01023
IVP Limited,IVP,NSE,India,,BE,INE043C01018,NSE_EQ|INE043C01018
The Indian Wood Products Company Limited,IWP,NSE,India,,EQ,INE586E01020,NSE_EQ|INE586E01020
Le Travenues Technology Limited,IXIGO,NSE,India,,EQ,INE0HV901016,NSE_EQ|INE0HV901016
IZMO Limited,IZMO,NSE,India,,EQ,INE848A01014,NSE_EQ|INE848A01014
The Jammu & Kashmir Bank Limited,J&KBANK,NSE,India,,EQ,INE168A01041,NSE_EQ|INE168A01041
Jagran Prakashan Limited,JAGRAN,NSE,India,,EQ,INE199G01027,NSE_EQ|INE199G01027
Jagsonpal Pharmaceuticals Limited,JAGSNPHARM,NSE,India,,EQ,INE048B01035,NSE_EQ|INE048B01035
Jai Balaji Industries Limited,JAIBALAJI,NSE,India,,BE,INE091G01026,NSE_EQ|INE091G01026
Jai Corp Limited,JAICORPLTD,NSE,India,,EQ,INE070D01027,NSE_EQ|INE070D01027
Jain Resource Recycling Limited,JAINREC,NSE,India,,EQ,INE0YD401026,NSE_EQ|INE0YD401026
Nandani Creation Limited,JAIPURKURT,NSE,India,,EQ,INE696V01013,NSE_EQ|INE696V01013
Jamna Auto Industries Limited,JAMNAAUTO,NSE,India,,EQ,INE039C01032,NSE_EQ|INE039C01032
Jaro Institute of Technology Management and Research Limited,JARO,NSE,India,,EQ,INE00YJ01010,NSE_EQ|INE00YJ01010
Jash Engineering Limited,JASH,NSE,India,,EQ,INE039O01029,NSE_EQ|INE039O01029
Jayant Agro Organics Limited,JAYAGROGN,NSE,India,,EQ,INE785A01026,NSE_EQ|INE785A01026
Jay Bharat Maruti Limited,JAYBARMARU,NSE,India,,EQ,INE571B01036,NSE_EQ|INE571B01036
Jaykay Enterprises Limited,JAYKAY,NSE,India,,EQ,INE903A01025,NSE_EQ|INE903A01025
Jayaswal Neco Industries Limited,JAYNECOIND,NSE,India,,EQ,INE854B01010,NSE_EQ|INE854B01010
Jayshree Tea & Industries Limited,JAYSREETEA,NSE,India,,EQ,INE364A01020,NSE_EQ|INE364A01020
JBM Auto Limited,JBMA,NSE,India,,EQ,INE927D01051,NSE_EQ|INE927D01051
Jet Freight Logistics Limited,JETFREIGHT,NSE,India,,EQ,INE982V01025,NSE_EQ|INE982V01025
J.G.Chemicals Limited,JGCHEM,NSE,India,,EQ,INE0MB501011,NSE_EQ|INE0MB501011
JHS Svendgaard Laboratories Limited,JHS,NSE,India,,EQ,INE544H01014,NSE_EQ|INE544H01014
Jindal Photo Limited,JINDALPHOT,NSE,India,,EQ,INE796G01012,NSE_EQ|INE796G01012
Jindal Poly Films Limited,JINDALPOLY,NSE,India,,EQ,INE197D01010,NSE_EQ|INE197D01010
Jindal Saw Limited,JINDALSAW,NSE,India,,EQ,INE324A01032,NSE_EQ|INE324A01032
JINDAL STEEL LIMITED,JINDALSTEL,NSE,India,,EQ,INE749A01030,NSE_EQ|INE749A01030
Jindal Drilling And Industries Limited,JINDRILL,NSE,India,,EQ,INE742C01031,NSE_EQ|INE742C01031
Jindal Worldwide Limited,JINDWORLD,NSE,India,,EQ,INE247D01039,NSE_EQ|INE247D01039
Jio Financial Services Limited,JIOFIN,NSE,India,,EQ,INE758E01017,NSE_EQ|INE758E01017
Jain Irrigation Systems Limited,JISLDVREQS,NSE,India,,EQ,IN9175A01010,NSE_EQ|IN9175A01010
Jain Irrigation Systems Limited,JISLJALEQS,NSE,India,,EQ,INE175A01038,NSE_EQ|INE175A01038
JITF Infralogistics Limited,JITFINFRA,NSE,India,,EQ,INE863T01013,NSE_EQ|INE863T01013
JK Cement Limited,JKCEMENT,NSE,India,,EQ,INE823G01014,NSE_EQ|INE823G01014
J.Kumar Infraprojects Limited,JKIL,NSE,India,,EQ,INE576I01022,NSE_EQ|INE576I01022
Jinkushal Industries Limited,JKIPL,NSE,India,,BE,INE1FF001016,NSE_EQ|INE1FF001016
JK Lakshmi Cement Limited,JKLAKSHMI,NSE,India,,EQ,INE786A01032,NSE_EQ|INE786A01032
JK Paper Limited,JKPAPER,NSE,India,,EQ,INE789E01012,NSE_EQ|INE789E01012
JK Tyre & Industries Limited,JKTYRE,NSE,India,,EQ,INE573A01042,NSE_EQ|INE573A01042
Jupiter Life Line Hospitals Limited,JLHL,NSE,India,,EQ,INE682M01020,NSE_EQ|INE682M01020
Jullundur Motor Agency (Delhi) Limited,JMA,NSE,India,,EQ,INE412C01023,NSE_EQ|INE412C01023
JM Financial Limited,JMFINANCIL,NSE,India,,EQ,INE780C01023,NSE_EQ|INE780C01023
JNK India Limited,JNKINDIA,NSE,India,,EQ,INE0OAF01028,NSE_EQ|INE0OAF01028
Juniper Green Energy Limited,JNPR,NSE,India,,EQ,INE05C901015,NSE_EQ|INE05C901015
Jocil Limited,JOCIL,NSE,India,,BE,INE839G01010,NSE_EQ|INE839G01010
Jindal Poly Investment and Finance Company Limited,JPOLYINVST,NSE,India,,EQ,INE147P01019,NSE_EQ|INE147P01019
Jaiprakash Power Ventures Limited,JPPOWER,NSE,India,,EQ,INE351F01018,NSE_EQ|INE351F01018
Jana Small Finance Bank Limited,JSFB,NSE,India,,EQ,INE953L01027,NSE_EQ|INE953L01027
Jindal Stainless Limited,JSL,NSE,India,,EQ,INE220G01021,NSE_EQ|INE220G01021
Jeena Sikho Lifecare Limited,JSLL,NSE,India,,EQ,INE0J5801029,NSE_EQ|INE0J5801029
JSW Cement Limited,JSWCEMENT,NSE,India,,EQ,INE718I01012,NSE_EQ|INE718I01012
JSW Dulux Limited,JSWDULUX,NSE,India,,EQ,INE133A01011,NSE_EQ|INE133A01011
JSW Energy Limited,JSWENERGY,NSE,India,,EQ,INE121E01018,NSE_EQ|INE121E01018
JSW Holdings Limited,JSWHL,NSE,India,,EQ,INE824G01012,NSE_EQ|INE824G01012
JSW Infrastructure Limited,JSWINFRA,NSE,India,,EQ,INE880J01026,NSE_EQ|INE880J01026
JSW Steel Limited,JSWSTEEL,NSE,India,,EQ,INE019A01038,NSE_EQ|INE019A01038
Jtekt India Limited,JTEKTINDIA,NSE,India,,EQ,INE643A01035,NSE_EQ|INE643A01035
JTL INDUSTRIES LIMITED,JTLIND,NSE,India,,EQ,INE391J01032,NSE_EQ|INE391J01032
Jubilant Agri and Consumer Products Limited,JUBLCPL,NSE,India,,EQ,INE03CC01015,NSE_EQ|INE03CC01015
Jubilant Foodworks Limited,JUBLFOOD,NSE,India,,EQ,INE797F01020,NSE_EQ|INE797F01020
Jubilant Ingrevia Limited,JUBLINGREA,NSE,India,,EQ,INE0BY001018,NSE_EQ|INE0BY001018
Jubilant Pharmova Limited,JUBLPHARMA,NSE,India,,EQ,INE700A01033,NSE_EQ|INE700A01033
Juniper Hotels Limited,JUNIPER,NSE,India,,EQ,INE696F01016,NSE_EQ|INE696F01016
Just Dial Limited,JUSTDIAL,NSE,India,,EQ,INE599M01018,NSE_EQ|INE599M01018
Jupiter Wagons Limited,JWL,NSE,India,,EQ,INE209L01016,NSE_EQ|INE209L01016
Jyothy Labs Limited,JYOTHYLAB,NSE,India,,EQ,INE668F01031,NSE_EQ|INE668F01031
Jyoti CNC Automation Limited,JYOTICNC,NSE,India,,EQ,INE980O01024,NSE_EQ|INE980O01024
Jyoti Structures Limited,JYOTISTRUC,NSE,India,,EQ,INE197A01024,NSE_EQ|INE197A01024
Kabra Extrusion Technik Limited,KABRAEXTRU,NSE,India,,EQ,INE900B01029,NSE_EQ|INE900B01029
Kajaria Ceramics Limited,KAJARIACER,NSE,India,,EQ,INE217B01036,NSE_EQ|INE217B01036
Kakatiya Cement Sugar & Industries Limited,KAKATCEM,NSE,India,,BE,INE437B01014,NSE_EQ|INE437B01014
Sai Silks (Kalamandir) Limited,KALAMANDIR,NSE,India,,EQ,INE438K01021,NSE_EQ|INE438K01021
Kalpataru Limited,KALPATARU,NSE,India,,EQ,INE227J01012,NSE_EQ|INE227J01012
Kalyani Commercials Limited,KALYANI,NSE,India,,BE,INE610E01010,NSE_EQ|INE610E01010
Kalyani Forge Limited,KALYANIFRG,NSE,India,,EQ,INE314G01014,NSE_EQ|INE314G01014
Kalyan Jewellers India Limited,KALYANKJIL,NSE,India,,EQ,INE303R01014,NSE_EQ|INE303R01014
Kama Holdings Limited,KAMAHOLD,NSE,India,,EQ,INE411F01010,NSE_EQ|INE411F01010
Kamat Hotels (I) Limited,KAMATHOTEL,NSE,India,,EQ,INE967C01018,NSE_EQ|INE967C01018
Kamdhenu Limited,KAMDHENU,NSE,India,,BE,INE390H01020,NSE_EQ|INE390H01020
Kamdhenu Ventures Limited,KAMOPAINTS,NSE,India,,EQ,INE0BTI01037,NSE_EQ|INE0BTI01037
Kanani Industries Limited,KANANIIND,NSE,India,,EQ,INE879E01037,NSE_EQ|INE879E01037
Kanchi Karpooram Limited,KANCHI,NSE,India,,BE,INE081G01019,NSE_EQ|INE081G01019
Kanoria Chemicals & Industries Limited,KANORICHEM,NSE,India,,BE,INE138C01024,NSE_EQ|INE138C01024
Kanpur Plastipack Limited,KANPRPLA,NSE,India,,EQ,INE694E01014,NSE_EQ|INE694E01014
Kansai Nerolac Paints Limited,KANSAINER,NSE,India,,EQ,INE531A01024,NSE_EQ|INE531A01024
Kapston Services Limited,KAPSTON,NSE,India,,EQ,INE542Z01028,NSE_EQ|INE542Z01028
Karma Energy Limited,KARMAENG,NSE,India,,EQ,INE725L01011,NSE_EQ|INE725L01011
Karur Vysya Bank Limited,KARURVYSYA,NSE,India,,EQ,INE036D01028,NSE_EQ|INE036D01028
Kaushalya Infrastructure Development Corporation Limited,KAUSHALYA,NSE,India,,BE,INE234I01028,NSE_EQ|INE234I01028
Kavveri Defence & Wireless Technologies Limited,KAVDEFENCE,NSE,India,,EQ,INE641C01019,NSE_EQ|INE641C01019
Kaya Limited,KAYA,NSE,India,,EQ,INE587G01015,NSE_EQ|INE587G01015
Kaynes Technology India Limited,KAYNES,NSE,India,,EQ,INE918Z01012,NSE_EQ|INE918Z01012
KCP Limited,KCP,NSE,India,,EQ,INE805C01028,NSE_EQ|INE805C01028
KCP Sugar and Industries Corporation Limited,KCPSUGIND,NSE,India,,EQ,INE790B01024,NSE_EQ|INE790B01024
KDDL Limited,KDDL,NSE,India,,EQ,INE291D01011,NSE_EQ|INE291D01011
KEC International Limited,KEC,NSE,India,,EQ,INE389H01022,NSE_EQ|INE389H01022
Kirloskar Electric Company Limited,KECL,NSE,India,,EQ,INE134B01017,NSE_EQ|INE134B01017
DSJ Keep Learning Limited,KEEPLEARN,NSE,India,,EQ,INE055C01020,NSE_EQ|INE055C01020
KEI Industries Limited,KEI,NSE,India,,EQ,INE878B01027,NSE_EQ|INE878B01027
Kellton Tech Solutions Limited,KELLTONTEC,NSE,India,,EQ,INE164B01030,NSE_EQ|INE164B01030
Kennametal India Limited,KENNAMET,NSE,India,,EQ,INE717A01029,NSE_EQ|INE717A01029
Kernex Microsystems (India) Limited,KERNEX,NSE,India,,EQ,INE202H01019,NSE_EQ|INE202H01019
Kesoram Industries Limited,KESORAMIND,NSE,India,,BE,INE087A01019,NSE_EQ|INE087A01019
Keynote Financial Services Limited,KEYFINSERV,NSE,India,,EQ,INE681C01015,NSE_EQ|INE681C01015
Kfin Technologies Limited,KFINTECH,NSE,India,,EQ,INE138Y01010,NSE_EQ|INE138Y01010
Khadim India Limited,KHADIM,NSE,India,,BE,INE834I01025,NSE_EQ|INE834I01025
Khaitan Chemicals & Fertilizers Limited,KHAICHEM,NSE,India,,EQ,INE745B01028,NSE_EQ|INE745B01028
Khaitan (India) Limited,KHAITANLTD,NSE,India,,EQ,INE731C01018,NSE_EQ|INE731C01018
Khandwala Securities Limited,KHANDSE,NSE,India,,EQ,INE060B01014,NSE_EQ|INE060B01014
Kalyani Investment Company Limited,KICL,NSE,India,,EQ,INE029L01018,NSE_EQ|INE029L01018
Kilitch Drugs (India) Limited,KILITCH,NSE,India,,BE,INE729D01010,NSE_EQ|INE729D01010
Krishna Institute of Medical Sciences Limited,KIMS,NSE,India,,EQ,INE967H01025,NSE_EQ|INE967H01025
Kingfa Science & Technology (India) Limited,KINGFA,NSE,India,,EQ,INE473D01015,NSE_EQ|INE473D01015
KIOCL Limited,KIOCL,NSE,India,,EQ,INE880L01014,NSE_EQ|INE880L01014
Kiran Vyapar Limited,KIRANVYPAR,NSE,India,,EQ,INE555P01013,NSE_EQ|INE555P01013
Kiri Industries Limited,KIRIINDUS,NSE,India,,EQ,INE415I01015,NSE_EQ|INE415I01015
Kirloskar Ferrous Industries Limited,KIRLFER,NSE,India,,EQ,INE884B01025,NSE_EQ|INE884B01025
Kirloskar Brothers Limited,KIRLOSBROS,NSE,India,,EQ,INE732A01036,NSE_EQ|INE732A01036
Kirloskar Oil Engines Limited,KIRLOSENG,NSE,India,,EQ,INE146L01010,NSE_EQ|INE146L01010
Kirloskar Industries Limited,KIRLOSIND,NSE,India,,EQ,INE250A01039,NSE_EQ|INE250A01039
Kirloskar Pneumatic Company Limited,KIRLPNU,NSE,India,,EQ,INE811A01020,NSE_EQ|INE811A01020
OnEMI Technology Solutions Limited,KISSHT,NSE,India,,EQ,INE12F801023,NSE_EQ|INE12F801023
Kitex Garments Limited,KITEX,NSE,India,,EQ,INE602G01020,NSE_EQ|INE602G01020
Kewal Kiran Clothing Limited,KKCL,NSE,India,,EQ,INE401H01017,NSE_EQ|INE401H01017
Kilburn Engineering Limited,KLBRENG-B,NSE,India,,EQ,INE338F01015,NSE_EQ|INE338F01015
Knowledge Marine & Engineering Works Limited,KMEW,NSE,India,,EQ,INE0CJD01029,NSE_EQ|INE0CJD01029
K.M.Sugar Mills Limited,KMSUGAR,NSE,India,,EQ,INE157H01023,NSE_EQ|INE157H01023
Knack Packaging Limited,KNACK,NSE,India,,EQ,INE17QZ01016,NSE_EQ|INE17QZ01016
KN Agri Resources Limited,KNAGRI,NSE,India,,EQ,INE0KNW01016,NSE_EQ|INE0KNW01016
KNR Constructions Limited,KNRCON,NSE,India,,EQ,INE634I01029,NSE_EQ|INE634I01029
Kohinoor Foods Limited,KOHINOOR,NSE,India,,EQ,INE080B01012,NSE_EQ|INE080B01012
Kokuyo Camlin Limited,KOKUYOCMLN,NSE,India,,EQ,INE760A01029,NSE_EQ|INE760A01029
Kolte - Patil Developers Limited,KOLTEPATIL,NSE,India,,EQ,INE094I01018,NSE_EQ|INE094I01018
Kopran Limited,KOPRAN,NSE,India,,BE,INE082A01010,NSE_EQ|INE082A01010
Kotak Mahindra Bank Limited,KOTAKBANK,NSE,India,,EQ,INE237A01036,NSE_EQ|INE237A01036
Kothari Sugars And Chemicals Limited,KOTARISUG,NSE,India,,EQ,INE419A01022,NSE_EQ|INE419A01022
Kothari Petrochemicals Limited,KOTHARIPET,NSE,India,,EQ,INE720A01015,NSE_EQ|INE720A01015
Kothari Products Limited,KOTHARIPRO,NSE,India,,EQ,INE823A01017,NSE_EQ|INE823A01017
Kothari Industrial Corporation Limited,KOTIC,NSE,India,,EQ,INE972A01020,NSE_EQ|INE972A01020
Kotyark Industries Limited,KOTYARK,NSE,India,,BE,INE0J0B01017,NSE_EQ|INE0J0B01017
Kovai Medical Center & Hospital Limited,KOVAI,NSE,India,,EQ,INE177F01017,NSE_EQ|INE177F01017
K.P. Energy Limited,KPEL,NSE,India,,EQ,INE127T01021,NSE_EQ|INE127T01021
KPI Green Energy Limited,KPIGREEN,NSE,India,,EQ,INE542W01025,NSE_EQ|INE542W01025
Kalpataru Projects International Limited,KPIL,NSE,India,,EQ,INE220B01022,NSE_EQ|INE220B01022
KPIT Technologies Limited,KPITTECH,NSE,India,,EQ,INE04I401011,NSE_EQ|INE04I401011
Kwality Pharmaceuticals Limited,KPL,NSE,India,,EQ,INE552U01010,NSE_EQ|INE552U01010
K.P.R. Mill Limited,KPRMILL,NSE,India,,EQ,INE930H01031,NSE_EQ|INE930H01031
KRBL Limited,KRBL,NSE,India,,EQ,INE001B01026,NSE_EQ|INE001B01026
Krebs Biochemicals and Industries Limited,KREBSBIO,NSE,India,,EQ,INE268B01013,NSE_EQ|INE268B01013
Kridhan Infra Limited,KRIDHANINF,NSE,India,,BE,INE524L01026,NSE_EQ|INE524L01026
Krishana Phoschem Limited,KRISHANA,NSE,India,,EQ,INE506W01020,NSE_EQ|INE506W01020
Krishival Foods Limited,KRISHIVAL,NSE,India,,EQ,INE0GGO01015,NSE_EQ|INE0GGO01015
Krishna Defence And Allied Industries Limited,KRISHNADEF,NSE,India,,EQ,INE0J5601015,NSE_EQ|INE0J5601015
Kriti Industries (India) Limited,KRITI,NSE,India,,BE,INE479D01038,NSE_EQ|INE479D01038
Kritika Wires Limited,KRITIKA,NSE,India,,EQ,INE00Z501029,NSE_EQ|INE00Z501029
Kriti Nutrients Limited,KRITINUT,NSE,India,,EQ,INE798K01010,NSE_EQ|INE798K01010
KRN Heat Exchanger and Refrigeration Limited,KRN,NSE,India,,BE,INE0Q3J01015,NSE_EQ|INE0Q3J01015
Kronox Lab Sciences Limited,KRONOX,NSE,India,,EQ,INE0ATZ01017,NSE_EQ|INE0ATZ01017
Kross Limited,KROSS,NSE,India,,EQ,INE0O6601022,NSE_EQ|INE0O6601022
Krsnaa Diagnostics Limited,KRSNAA,NSE,India,,EQ,INE08LI01020,NSE_EQ|INE08LI01020
Krystal Integrated Services Limited,KRYSTAL,NSE,India,,EQ,INE0QN801017,NSE_EQ|INE0QN801017
Ksb Limited,KSB,NSE,India,,EQ,INE999A01023,NSE_EQ|INE999A01023
Kaveri Seed Company Limited,KSCL,NSE,India,,EQ,INE455I01029,NSE_EQ|INE455I01029
KSH International Limited,KSHINTL,NSE,India,,EQ,INE987S01020,NSE_EQ|INE987S01020
Kshitij Polyline Limited,KSHITIJPOL,NSE,India,,BE,INE013801027,NSE_EQ|INE013801027
Kalyani Steels Limited,KSL,NSE,India,,EQ,INE907A01026,NSE_EQ|INE907A01026
Ksolves India Limited,KSOLVES,NSE,India,,EQ,INE0D6I01023,NSE_EQ|INE0D6I01023
KSR Footwear Limited,KSR,NSE,India,,EQ,INE1SPP01016,NSE_EQ|INE1SPP01016
The Karnataka Bank Limited,KTKBANK,NSE,India,,EQ,INE614B01018,NSE_EQ|INE614B01018
Kuantum Papers Limited,KUANTUM,NSE,India,,EQ,INE529I01021,NSE_EQ|INE529I01021
Kusumgar Limited,KUSUMGAR,NSE,India,,EQ,INE0ISX01025,NSE_EQ|INE0ISX01025
Kwality Wall's (India) Limited,KWIL,NSE,India,,EQ,INE2KCE01013,NSE_EQ|INE2KCE01013
Lagnam Spintex Limited,LAGNAM,NSE,India,,EQ,INE548Z01017,NSE_EQ|INE548Z01017
Lahoti Overseas Limited,LAHOTIOV,NSE,India,,EQ,INE515C01023,NSE_EQ|INE515C01023
Lakshmi Precision Screws Limited,LAKPRE,NSE,India,,BZ,INE651C01018,NSE_EQ|INE651C01018
Lorenzini Apparels Limited,LAL,NSE,India,,EQ,INE740X01023,NSE_EQ|INE740X01023
Dr. Lal Path Labs Ltd.,LALPATHLAB,NSE,India,,EQ,INE600L01024,NSE_EQ|INE600L01024
Lambodhara Textiles Limited,LAMBODHARA,NSE,India,,EQ,INE112F01022,NSE_EQ|INE112F01022
Lancor Holdings Limited,LANCORHOL,NSE,India,,EQ,INE572G01025,NSE_EQ|INE572G01025
Landmark Cars Limited,LANDMARK,NSE,India,,EQ,INE559R01029,NSE_EQ|INE559R01029
Landsmill Green Limited,LANDSMILL,NSE,India,,EQ,INE688J01023,NSE_EQ|INE688J01023
La Opala RG Limited,LAOPALA,NSE,India,,EQ,INE059D01020,NSE_EQ|INE059D01020
Lasa Supergenerics Limited,LASA,NSE,India,,EQ,INE670X01014,NSE_EQ|INE670X01014
Laser Power & Infra Limited,LASERPOWER,NSE,India,,EQ,INE17IR01028,NSE_EQ|INE17IR01028
Latent View Analytics Limited,LATENTVIEW,NSE,India,,EQ,INE0I7C01011,NSE_EQ|INE0I7C01011
Latteys Industries Limited,LATTEYS,NSE,India,,BE,INE262Z01023,NSE_EQ|INE262Z01023
Laurus Labs Limited,LAURUSLABS,NSE,India,,EQ,INE947Q01028,NSE_EQ|INE947Q01028
Laxmi Cotspin Limited,LAXMICOT,NSE,India,,EQ,INE801V01019,NSE_EQ|INE801V01019
Laxmi Dental Limited,LAXMIDENTL,NSE,India,,EQ,INE0WO601020,NSE_EQ|INE0WO601020
Laxmi India Finance Limited,LAXMIINDIA,NSE,India,,BE,INE06WU01026,NSE_EQ|INE06WU01026
LCC Infotech Limited,LCCINFOTEC,NSE,India,,EQ,INE938A01021,NSE_EQ|INE938A01021
Lohia Corp Limited,LCL,NSE,India,,EQ,INE0QJW01029,NSE_EQ|INE0QJW01029
Le Merite Exports Limited,LEMERITE,NSE,India,,EQ,INE0G1L01025,NSE_EQ|INE0G1L01025
Lemon Tree Hotels Limited,LEMONTREE,NSE,India,,EQ,INE970X01018,NSE_EQ|INE970X01018
Lenskart Solutions Limited,LENSKART,NSE,India,,EQ,INE956O01016,NSE_EQ|INE956O01016
Lexus Granito (India) Limited,LEXUS,NSE,India,,EQ,INE500X01013,NSE_EQ|INE500X01013
Lakshmi Finance & Industrial Corporation Limited,LFIC,NSE,India,,EQ,INE850E01012,NSE_EQ|INE850E01012
LG Balakrishnan & Bros Limited,LGBBROSLTD,NSE,India,,EQ,INE337A01034,NSE_EQ|INE337A01034
LG Electronics India Limited,LGEINDIA,NSE,India,,EQ,INE324D01010,NSE_EQ|INE324D01010
Laxmi Goldorna House Limited,LGHL,NSE,India,,EQ,INE258Y01016,NSE_EQ|INE258Y01016
Libas Consumer Products Limited,LIBAS,NSE,India,,EQ,INE908V01012,NSE_EQ|INE908V01012
Liberty Shoes Limited,LIBERTSHOE,NSE,India,,EQ,INE557B01019,NSE_EQ|INE557B01019
LIC Housing Finance Limited,LICHSGFIN,NSE,India,,EQ,INE115A01026,NSE_EQ|INE115A01026
Life Insurance Corporation Of India,LICI,NSE,India,,EQ,INE0J1Y01017,NSE_EQ|INE0J1Y01017
Likhitha Infrastructure Limited,LIKHITHA,NSE,India,,EQ,INE060901027,NSE_EQ|INE060901027
Linc Limited,LINC,NSE,India,,EQ,INE802B01027,NSE_EQ|INE802B01027
Lincoln Pharmaceuticals Limited,LINCOLN,NSE,India,,EQ,INE405C01035,NSE_EQ|INE405C01035
Linde India Limited,LINDEINDIA,NSE,India,,EQ,INE473A01011,NSE_EQ|INE473A01011
LLOYDS ENGINEERING WORKS LIMITED,LLOYDSENGG,NSE,India,,EQ,INE093R01011,NSE_EQ|INE093R01011
Lloyds Enterprises Limited,LLOYDSENT,NSE,India,,EQ,INE080I01025,NSE_EQ|INE080I01025
Lloyds Metals And Energy Limited,LLOYDSME,NSE,India,,EQ,INE281B01032,NSE_EQ|INE281B01032
LMW Limited,LMW,NSE,India,,EQ,INE269B01029,NSE_EQ|INE269B01029
Lodha Developers Limited,LODHA,NSE,India,,EQ,INE670K01029,NSE_EQ|INE670K01029
Lokesh Machines Limited,LOKESHMACH,NSE,India,,BE,INE397H01017,NSE_EQ|INE397H01017
Lords Chloro Alkali Limited,LORDSCHLO,NSE,India,,EQ,INE846D01012,NSE_EQ|INE846D01012
Sri Lotus Developers and Realty Limited,LOTUSDEV,NSE,India,,EQ,INE0V9Q01010,NSE_EQ|INE0V9Q01010
Lotus Eye Hospital and Institute Limited,LOTUSEYE,NSE,India,,EQ,INE947I01017,NSE_EQ|INE947I01017
Lovable Lingerie Limited,LOVABLE,NSE,India,,EQ,INE597L01014,NSE_EQ|INE597L01014
Loyal Textile Mills Limited,LOYALTEX,NSE,India,,EQ,INE970D01010,NSE_EQ|INE970D01010
Landmark Property Development Company Limited,LPDC,NSE,India,,EQ,INE197J01017,NSE_EQ|INE197J01017
Larsen & Toubro Limited,LT,NSE,India,,EQ,INE018A01030,NSE_EQ|INE018A01030
L&T Finance Limited,LTF,NSE,India,,EQ,INE498L01015,NSE_EQ|INE498L01015
LT Foods Limited,LTFOODS,NSE,India,,EQ,INE818H01020,NSE_EQ|INE818H01020
LTM Limited,LTM,NSE,India,,EQ,INE214T01019,NSE_EQ|INE214T01019
L&T Technology Services Limited,LTTS,NSE,India,,EQ,INE010V01017,NSE_EQ|INE010V01017
Lumax Industries Limited,LUMAXIND,NSE,India,,EQ,INE162B01018,NSE_EQ|INE162B01018
Lumax Auto Technologies Limited,LUMAXTECH,NSE,India,,EQ,INE872H01027,NSE_EQ|INE872H01027
Lupin Limited,LUPIN,NSE,India,,EQ,INE326A01037,NSE_EQ|INE326A01037
Lux Industries Limited,LUXIND,NSE,India,,EQ,INE150G01020,NSE_EQ|INE150G01020
Laxmi Organic Industries Limited,LXCHEM,NSE,India,,EQ,INE576O01020,NSE_EQ|INE576O01020
Lyka Labs Limited,LYKALABS,NSE,India,,BE,INE933A01014,NSE_EQ|INE933A01014
Mahindra & Mahindra Limited,M&M,NSE,India,,EQ,INE101A01026,NSE_EQ|INE101A01026
Mahindra & Mahindra Financial Services Limited,M&MFIN,NSE,India,,EQ,INE774D01024,NSE_EQ|INE774D01024
Maan Aluminium Limited,MAANALU,NSE,India,,EQ,INE215I01027,NSE_EQ|INE215I01027
Macpower CNC Machines Limited,MACPOWER,NSE,India,,EQ,INE155Z01011,NSE_EQ|INE155Z01011
Madhav Marbles and Granites Limited,MADHAV,NSE,India,,EQ,INE925C01016,NSE_EQ|INE925C01016
Madhav Infra Projects Limited,MADHAVIPL,NSE,India,,EQ,INE631R01026,NSE_EQ|INE631R01026
Madhucon Projects Limited,MADHUCON,NSE,India,,BE,INE378D01032,NSE_EQ|INE378D01032
Madras Fertilizers Limited,MADRASFERT,NSE,India,,EQ,INE414A01015,NSE_EQ|INE414A01015
Mafatlal Industries Limited,MAFATIND,NSE,India,,EQ,INE270B01035,NSE_EQ|INE270B01035
Magadh Sugar & Energy Limited,MAGADSUGAR,NSE,India,,EQ,INE347W01011,NSE_EQ|INE347W01011
Magnum Ventures Limited,MAGNUM,NSE,India,,EQ,INE387I01016,NSE_EQ|INE387I01016
Bank of Maharashtra,MAHABANK,NSE,India,,EQ,INE457A01014,NSE_EQ|INE457A01014
Maha Rashtra Apex Corporation Limited,MAHAPEXLTD,NSE,India,,EQ,INE843B01013,NSE_EQ|INE843B01013
Mahamaya Steel Industries Limited,MAHASTEEL,NSE,India,,EQ,INE451L01014,NSE_EQ|INE451L01014
Mahindra EPC Irrigation Limited,MAHEPC,NSE,India,,EQ,INE215D01010,NSE_EQ|INE215D01010
Maheshwari Logistics Limited,MAHESHWARI,NSE,India,,BE,INE263W01010,NSE_EQ|INE263W01010
Mahindra Lifespace Developers Limited,MAHLIFE,NSE,India,,EQ,INE813A01018,NSE_EQ|INE813A01018
Mahindra Logistics Limited,MAHLOG,NSE,India,,EQ,INE766P01016,NSE_EQ|INE766P01016
Maharashtra Scooters Limited,MAHSCOOTER,NSE,India,,EQ,INE288A01013,NSE_EQ|INE288A01013
Maharashtra Seamless Limited,MAHSEAMLES,NSE,India,,EQ,INE271B01025,NSE_EQ|INE271B01025
Maithan Alloys Limited,MAITHANALL,NSE,India,,EQ,INE683C01011,NSE_EQ|INE683C01011
Majestic Auto Limited,MAJESAUT,NSE,India,,BE,INE201B01022,NSE_EQ|INE201B01022
Mallcom (India) Limited,MALLCOM,NSE,India,,EQ,INE389C01015,NSE_EQ|INE389C01015
Malu Paper Mills Limited,MALUPAPER,NSE,India,,EQ,INE383H01017,NSE_EQ|INE383H01017
Mamata Machinery Limited,MAMATA,NSE,India,,EQ,INE0TO701015,NSE_EQ|INE0TO701015
Manaksia Aluminium Company Limited,MANAKALUCO,NSE,India,,EQ,INE859Q01017,NSE_EQ|INE859Q01017
Manaksia Coated Metals & Industries Limited,MANAKCOAT,NSE,India,,EQ,INE830Q01018,NSE_EQ|INE830Q01018
Manaksia Limited,MANAKSIA,NSE,India,,EQ,INE015D01022,NSE_EQ|INE015D01022
Manaksia Steels Limited,MANAKSTEEL,NSE,India,,EQ,INE824Q01011,NSE_EQ|INE824Q01011
Manali Petrochemicals Limited,MANALIPETC,NSE,India,,EQ,INE201A01024,NSE_EQ|INE201A01024
Manappuram Finance Limited,MANAPPURAM,NSE,India,,EQ,INE522D01027,NSE_EQ|INE522D01027
Manba Finance Limited,MANBA,NSE,India,,EQ,INE939X01013,NSE_EQ|INE939X01013
Mangal Credit and Fincorp Limited,MANCREDIT,NSE,India,,EQ,INE545L01039,NSE_EQ|INE545L01039
Mangalam Drugs And Organics Limited,MANGALAM,NSE,India,,EQ,INE584F01014,NSE_EQ|INE584F01014
Mangalam Cement Limited,MANGLMCEM,NSE,India,,EQ,INE347A01017,NSE_EQ|INE347A01017
Man Industries (India) Limited,MANINDS,NSE,India,,EQ,INE993A01026,NSE_EQ|INE993A01026
Man Infraconstruction Limited,MANINFRA,NSE,India,,EQ,INE949H01023,NSE_EQ|INE949H01023
Manipal Health Enterprises Limited,MANIPALHOS,NSE,India,,EQ,INE459N01021,NSE_EQ|INE459N01021
Mankind Pharma Limited,MANKIND,NSE,India,,EQ,INE634S01028,NSE_EQ|INE634S01028
Manomay Tex India Limited,MANOMAY,NSE,India,,EQ,INE784W01015,NSE_EQ|INE784W01015
Manorama Industries Limited,MANORAMA,NSE,India,,EQ,INE00VM01036,NSE_EQ|INE00VM01036
Mangalam Organics Limited,MANORG,NSE,India,,BE,INE370D01013,NSE_EQ|INE370D01013
Manugraph India Limited,MANUGRAPH,NSE,India,,BE,INE867A01022,NSE_EQ|INE867A01022
Vedant Fashions Limited,MANYAVAR,NSE,India,,EQ,INE825V01034,NSE_EQ|INE825V01034
C.E. Info Systems Limited,MAPMYINDIA,NSE,India,,EQ,INE0BV301023,NSE_EQ|INE0BV301023
Maral Overseas Limited,MARALOVER,NSE,India,,BE,INE882A01013,NSE_EQ|INE882A01013
Marathon Nextgen Realty Limited,MARATHON,NSE,India,,EQ,INE182D01020,NSE_EQ|INE182D01020
Marico Limited,MARICO,NSE,India,,EQ,INE196A01026,NSE_EQ|INE196A01026
Marine Electricals (India) Limited,MARINE,NSE,India,,EQ,INE01JE01028,NSE_EQ|INE01JE01028
Markolines Pavement Technologies Limited,MARKOLINES,NSE,India,,EQ,INE0FW001016,NSE_EQ|INE0FW001016
Marksans Pharma Limited,MARKSANS,NSE,India,,EQ,INE750C01026,NSE_EQ|INE750C01026
Marsons Limited,MARSONS,NSE,India,,EQ,INE415B01044,NSE_EQ|INE415B01044
Maruti Suzuki India Limited,MARUTI,NSE,India,,EQ,INE585B01010,NSE_EQ|INE585B01010
MAS Financial Services Limited,MASFIN,NSE,India,,EQ,INE348L01012,NSE_EQ|INE348L01012
Mask Investments Limited,MASKINVEST,NSE,India,,BE,INE885F01015,NSE_EQ|INE885F01015
Mastek Limited,MASTEK,NSE,India,,EQ,INE759A01021,NSE_EQ|INE759A01021
Master Trust Limited,MASTERTR,NSE,India,,EQ,INE677D01037,NSE_EQ|INE677D01037
Matrimony.Com Limited,MATRIMONY,NSE,India,,EQ,INE866R01028,NSE_EQ|INE866R01028
Mawana Sugars Limited,MAWANASUG,NSE,India,,BE,INE636A01039,NSE_EQ|INE636A01039
Max Estates Limited,MAXESTATES,NSE,India,,EQ,INE03EI01018,NSE_EQ|INE03EI01018
Max Healthcare Institute Limited,MAXHEALTH,NSE,India,,EQ,INE027H01010,NSE_EQ|INE027H01010
Max India Limited,MAXIND,NSE,India,,EQ,INE0CG601016,NSE_EQ|INE0CG601016
Mayur Uniquoters Ltd,MAYURUNIQ,NSE,India,,EQ,INE040D01038,NSE_EQ|INE040D01038
Mazda Limited,MAZDA,NSE,India,,BE,INE885E01042,NSE_EQ|INE885E01042
Mazagon Dock Shipbuilders Limited,MAZDOCK,NSE,India,,EQ,INE249Z01020,NSE_EQ|INE249Z01020
Madhya Bharat Agro Products Limited,MBAPL,NSE,India,,EQ,INE900L01028,NSE_EQ|INE900L01028
M & B Engineering Limited,MBEL,NSE,India,,EQ,INE08N601015,NSE_EQ|INE08N601015
MBL Infrastructure Limited,MBLINFRA,NSE,India,,BE,INE912H01013,NSE_EQ|INE912H01013
Mac Charles India Limited,MCCHRLS-B,NSE,India,,EQ,INE435D01014,NSE_EQ|INE435D01014
M TEK COPPER LIMITED,MCL,NSE,India,,EQ,INE813V01022,NSE_EQ|INE813V01022
Mcleod Russel India Limited,MCLEODRUSS,NSE,India,,BE,INE942G01012,NSE_EQ|INE942G01012
Magellanic Cloud Limited,MCLOUD,NSE,India,,EQ,INE613C01026,NSE_EQ|INE613C01026
Multi Commodity Exchange of India Limited,MCX,NSE,India,,EQ,INE745G01043,NSE_EQ|INE745G01043
Global Health Limited,MEDANTA,NSE,India,,EQ,INE474Q01031,NSE_EQ|INE474Q01031
Medi Assist Healthcare Services Limited,MEDIASSIST,NSE,India,,EQ,INE456Z01021,NSE_EQ|INE456Z01021
Medicamen Biotech Limited,MEDICAMEQ,NSE,India,,EQ,INE646B01010,NSE_EQ|INE646B01010
Medico Remedies Limited,MEDICO,NSE,India,,EQ,INE630Y01024,NSE_EQ|INE630Y01024
Medplus Health Services Limited,MEDPLUS,NSE,India,,EQ,INE804L01022,NSE_EQ|INE804L01022
Meesho Limited,MEESHO,NSE,India,,EQ,INE0VDM01015,NSE_EQ|INE0VDM01015
Megastar Foods Limited,MEGASTAR,NSE,India,,EQ,INE00EM01016,NSE_EQ|INE00EM01016
Mangal Electrical Industries Limited,MEIL,NSE,India,,EQ,INE0PKD01011,NSE_EQ|INE0PKD01011
Menon Pistons Limited,MENNPIS,NSE,India,,EQ,INE650G01029,NSE_EQ|INE650G01029
Menon Bearings Limited,MENONBE,NSE,India,,BE,INE071D01033,NSE_EQ|INE071D01033
MEP Infrastructure Developers Limited,MEP,NSE,India,,BZ,INE776I01010,NSE_EQ|INE776I01010
Mercantile Ventures Limited,MERCANTILE,NSE,India,,EQ,INE689O01013,NSE_EQ|INE689O01013
Mercury Ev-Tech Limited,MERCURYEV,NSE,India,,EQ,INE763M01028,NSE_EQ|INE763M01028
Metro Brands Limited,METROBRAND,NSE,India,,EQ,INE317I01021,NSE_EQ|INE317I01021
Metroglobal Limited,METROGLOBL,NSE,India,,EQ,INE085D01033,NSE_EQ|INE085D01033
Metropolis Healthcare Limited,METROPOLIS,NSE,India,,EQ,INE112L01020,NSE_EQ|INE112L01020
Mahalaxmi Fabric Mills Limited,MFML,NSE,India,,EQ,INE0US801024,NSE_EQ|INE0US801024
Max Financial Services Limited,MFSL,NSE,India,,EQ,INE180A01020,NSE_EQ|INE180A01020
Mangalam Global Enterprise Limited,MGEL,NSE,India,,BE,INE0APB01032,NSE_EQ|INE0APB01032
Mahanagar Gas Limited,MGL,NSE,India,,EQ,INE002S01010,NSE_EQ|INE002S01010
Mahalaxmi Rubtech Limited,MHLXMIRU,NSE,India,,EQ,INE112D01035,NSE_EQ|INE112D01035
Mahindra Holidays & Resorts India Limited,MHRIL,NSE,India,,EQ,INE998I01010,NSE_EQ|INE998I01010
MIC Electronics Limited,MICEL,NSE,India,,BE,INE287C01037,NSE_EQ|INE287C01037
Mishra Dhatu Nigam Limited,MIDHANI,NSE,India,,EQ,INE099Z01011,NSE_EQ|INE099Z01011
Midwest Limited,MIDWESTLTD,NSE,India,,EQ,INE0XAD01024,NSE_EQ|INE0XAD01024
Minda Corporation Limited,MINDACORP,NSE,India,,EQ,INE842C01021,NSE_EQ|INE842C01021
Mindteck (India) Limited,MINDTECK,NSE,India,,EQ,INE110B01017,NSE_EQ|INE110B01017
Mirza International Limited,MIRZAINT,NSE,India,,EQ,INE771A01026,NSE_EQ|INE771A01026
MITCON Consultancy & Engineering Services Limited,MITCON,NSE,India,,BE,INE828O01033,NSE_EQ|INE828O01033
Mittal Life Style Limited,MITTAL,NSE,India,,EQ,INE997Y01027,NSE_EQ|INE997Y01027
M K Proteins Limited,MKPL,NSE,India,,EQ,INE964W01021,NSE_EQ|INE964W01021
MM Forgings Limited,MMFL,NSE,India,,EQ,INE227C01017,NSE_EQ|INE227C01017
MMP Industries Limited,MMP,NSE,India,,EQ,INE511Y01018,NSE_EQ|INE511Y01018
MMTC Limited,MMTC,NSE,India,,EQ,INE123F01029,NSE_EQ|INE123F01029
Media Matrix Worldwide Limited,MMWL,NSE,India,,BE,INE200D01020,NSE_EQ|INE200D01020
One Mobikwik Systems Limited,MOBIKWIK,NSE,India,,EQ,INE0HLU01028,NSE_EQ|INE0HLU01028
Modi Naturals Limited,MODINATUR,NSE,India,,BE,INE537F01012,NSE_EQ|INE537F01012
Modi Rubber Limited,MODIRUBBER,NSE,India,,EQ,INE832A01018,NSE_EQ|INE832A01018
Modis Navnirman Limited,MODIS,NSE,India,,EQ,INE0L0L01012,NSE_EQ|INE0L0L01012
MODISON LIMITED,MODISONLTD,NSE,India,,BE,INE737D01021,NSE_EQ|INE737D01021
Modern Threads (India) Limited,MODTHREAD,NSE,India,,EQ,INE794W01014,NSE_EQ|INE794W01014
Mohit Industries Limited,MOHITIND,NSE,India,,EQ,INE954E01012,NSE_EQ|INE954E01012
MOIL Limited,MOIL,NSE,India,,EQ,INE490G01020,NSE_EQ|INE490G01020
Moksh Ornaments Limited,MOKSH,NSE,India,,EQ,INE514Y01020,NSE_EQ|INE514Y01020
Meghmani Organics Limited,MOL,NSE,India,,EQ,INE0CT101020,NSE_EQ|INE0CT101020
Mold-Tek Technologies Limited,MOLDTECH,NSE,India,,EQ,INE835B01035,NSE_EQ|INE835B01035
Mold-Tek Packaging Limited,MOLDTKPAC,NSE,India,,EQ,INE893J01029,NSE_EQ|INE893J01029
Monarch Networth Capital Limited,MONARCH,NSE,India,,EQ,INE903D01011,NSE_EQ|INE903D01011
Moneyboxx Finance Limited,MONEYBOXX,NSE,India,,EQ,INE296Q01012,NSE_EQ|INE296Q01012
Monte Carlo Fashions Limited,MONTECARLO,NSE,India,,EQ,INE950M01013,NSE_EQ|INE950M01013
Morepen Laboratories Limited,MOREPENLAB,NSE,India,,EQ,INE083A01026,NSE_EQ|INE083A01026
Moschip Technologies Limited,MOSCHIP,NSE,India,,EQ,INE935B01025,NSE_EQ|INE935B01025
Samvardhana Motherson International Limited,MOTHERSON,NSE,India,,EQ,INE775A01035,NSE_EQ|INE775A01035
Motilal Oswal Financial Services Limited,MOTILALOFS,NSE,India,,EQ,INE338I01027,NSE_EQ|INE338I01027
Motisons Jewellers Limited,MOTISONS,NSE,India,,EQ,INE0FRK01020,NSE_EQ|INE0FRK01020
The Motor & General Finance Limited,MOTOGENFIN,NSE,India,,BE,INE861B01023,NSE_EQ|INE861B01023
MphasiS Limited,MPHASIS,NSE,India,,EQ,INE356A01018,NSE_EQ|INE356A01018
MPS Limited,MPSLTD,NSE,India,,EQ,INE943D01017,NSE_EQ|INE943D01017
MRF Limited,MRF,NSE,India,,EQ,INE883A01011,NSE_EQ|INE883A01011
Mangalore Refinery and Petrochemicals Limited,MRPL,NSE,India,,EQ,INE103A01014,NSE_EQ|INE103A01014
MSP Steel & Power Limited,MSPL,NSE,India,,EQ,INE752G01015,NSE_EQ|INE752G01015
Mstc Limited,MSTCLTD,NSE,India,,EQ,INE255X01014,NSE_EQ|INE255X01014
Motherson Sumi Wiring India Limited,MSUMI,NSE,India,,EQ,INE0FS801015,NSE_EQ|INE0FS801015
Mtar Technologies Limited,MTARTECH,NSE,India,,BE,INE864I01014,NSE_EQ|INE864I01014
MT Educare Limited,MTEDUCARE,NSE,India,,BE,INE472M01018,NSE_EQ|INE472M01018
Mahanagar Telephone Nigam Limited,MTNL,NSE,India,,EQ,INE153A01019,NSE_EQ|INE153A01019
Mufin Green Finance Limited,MUFIN,NSE,India,,EQ,INE08KJ01020,NSE_EQ|INE08KJ01020
Credo Brands Marketing Limited,MUFTI,NSE,India,,EQ,INE220Q01020,NSE_EQ|INE220Q01020
Mukand Limited,MUKANDLTD,NSE,India,,EQ,INE304A01026,NSE_EQ|INE304A01026
Mukka Proteins Limited,MUKKA,NSE,India,,EQ,INE0CG401037,NSE_EQ|INE0CG401037
Mukta Arts Limited,MUKTAARTS,NSE,India,,BE,INE374B01019,NSE_EQ|INE374B01019
Munjal Auto Industries Limited,MUNJALAU,NSE,India,,EQ,INE672B01032,NSE_EQ|INE672B01032
Munjal Showa Limited,MUNJALSHOW,NSE,India,,EQ,INE577A01027,NSE_EQ|INE577A01027
Murudeshwar Ceramics Limited,MURUDCERA,NSE,India,,EQ,INE692B01014,NSE_EQ|INE692B01014
Muthoot Capital Services Limited,MUTHOOTCAP,NSE,India,,EQ,INE296G01013,NSE_EQ|INE296G01013
Muthoot Finance Limited,MUTHOOTFIN,NSE,India,,EQ,INE414G01012,NSE_EQ|INE414G01012
Muthoot Microfin Limited,MUTHOOTMF,NSE,India,,EQ,INE046W01019,NSE_EQ|INE046W01019
MV Electrosystems Limited,MVELECTRO,NSE,India,,EQ,INE0OWZ01020,NSE_EQ|INE0OWZ01020
Manoj Vaibhav Gems N Jewellers Limited,MVGJL,NSE,India,,EQ,INE0KNT01012,NSE_EQ|INE0KNT01012
Mangalam Worldwide Limited,MWL,NSE,India,,EQ,INE0JYY01029,NSE_EQ|INE0JYY01029
NACL Industries Limited,NACLIND,NSE,India,,EQ,INE295D01020,NSE_EQ|INE295D01020
Nagreeka Capital & Infrastructure Limited,NAGREEKCAP,NSE,India,,EQ,INE245I01016,NSE_EQ|INE245I01016
Nagreeka Exports Limited,NAGREEKEXP,NSE,India,,EQ,INE123B01028,NSE_EQ|INE123B01028
Nahar Capital and Financial Services Limited,NAHARCAP,NSE,India,,EQ,INE049I01012,NSE_EQ|INE049I01012
Nahar Industrial Enterprises Limited,NAHARINDUS,NSE,India,,EQ,INE289A01011,NSE_EQ|INE289A01011
Nahar Poly Films Limited,NAHARPOLY,NSE,India,,EQ,INE308A01027,NSE_EQ|INE308A01027
Nahar Spinning Mills Limited,NAHARSPING,NSE,India,,EQ,INE290A01027,NSE_EQ|INE290A01027
Nippon Life India Asset Management Limited,NAM-INDIA,NSE,India,,EQ,INE298J01013,NSE_EQ|INE298J01013
Narmada Agrobase Limited,NARMADA,NSE,India,,EQ,INE117Z01029,NSE_EQ|INE117Z01029
Natural Capsules Limited,NATCAPSUQ,NSE,India,,EQ,INE936B01015,NSE_EQ|INE936B01015
Natco Pharma Limited,NATCOPHARM,NSE,India,,EQ,INE987B01026,NSE_EQ|INE987B01026
Nath Bio-Genes (India) Limited,NATHBIOGEN,NSE,India,,EQ,INE448G01010,NSE_EQ|INE448G01010
National Aluminium Company Limited,NATIONALUM,NSE,India,,EQ,INE139A01034,NSE_EQ|INE139A01034
National Standard (India) Limited,NATIONSTD,NSE,India,,EQ,INE166R01015,NSE_EQ|INE166R01015
Info Edge (India) Limited,NAUKRI,NSE,India,,EQ,INE663F01032,NSE_EQ|INE663F01032
NAVA LIMITED,NAVA,NSE,India,,EQ,INE725A01030,NSE_EQ|INE725A01030
Navin Fluorine International Limited,NAVINFLUOR,NSE,India,,EQ,INE048G01026,NSE_EQ|INE048G01026
Navkar Corporation Limited,NAVKARCORP,NSE,India,,EQ,INE278M01019,NSE_EQ|INE278M01019
Navkar Urbanstructure Limited,NAVKARURB,NSE,India,,BE,INE268H01044,NSE_EQ|INE268H01044
Navneet Education Limited,NAVNETEDUL,NSE,India,,EQ,INE060A01024,NSE_EQ|INE060A01024
Nazara Technologies Limited,NAZARA,NSE,India,,EQ,INE418L01047,NSE_EQ|INE418L01047
NBCC (India) Limited,NBCC,NSE,India,,EQ,INE095N01031,NSE_EQ|INE095N01031
N. B. I. Industrial Finance Company Limited,NBIFIN,NSE,India,,EQ,INE365I01020,NSE_EQ|INE365I01020
NCC Limited,NCC,NSE,India,,EQ,INE868B01028,NSE_EQ|INE868B01028
NCL Industries Limited,NCLIND,NSE,India,,EQ,INE732C01016,NSE_EQ|INE732C01016
Naga Dhunseri Group Limited,NDGL,NSE,India,,EQ,INE756C01015,NSE_EQ|INE756C01015
Nandan Denim Limited,NDL,NSE,India,,EQ,INE875G01048,NSE_EQ|INE875G01048
NDL Ventures Limited,NDLVENTURE,NSE,India,,EQ,INE353A01023,NSE_EQ|INE353A01023
Ndr Auto Components Limited,NDRAUTO,NSE,India,,EQ,INE07OG01012,NSE_EQ|INE07OG01012
New Delhi Television Limited,NDTV,NSE,India,,EQ,INE155G01029,NSE_EQ|INE155G01029
Neelamalai Agro Industries Limited,NEAGI,NSE,India,,EQ,INE605D01012,NSE_EQ|INE605D01012
North Eastern Carrying Corporation Limited,NECCLTD,NSE,India,,BE,INE553C01016,NSE_EQ|INE553C01016
Nectar Lifesciences Limited,NECLIFE,NSE,India,,BE,INE023H01027,NSE_EQ|INE023H01027
Nelcast Limited,NELCAST,NSE,India,,EQ,INE189I01024,NSE_EQ|INE189I01024
NELCO Limited,NELCO,NSE,India,,EQ,INE045B01015,NSE_EQ|INE045B01015
Neogen Chemicals Limited,NEOGEN,NSE,India,,EQ,INE136S01016,NSE_EQ|INE136S01016
Nephrocare Health Services Limited,NEPHROPLUS,NSE,India,,EQ,INE428V01029,NSE_EQ|INE428V01029
Nesco Limited,NESCO,NSE,India,,EQ,INE317F01035,NSE_EQ|INE317F01035
Nestle India Limited,NESTLEIND,NSE,India,,EQ,INE239A01024,NSE_EQ|INE239A01024
Netweb Technologies India Limited,NETWEB,NSE,India,,EQ,INE0NT901020,NSE_EQ|INE0NT901020
Network18 Media & Investments Limited,NETWORK18,NSE,India,,EQ,INE870H01013,NSE_EQ|INE870H01013
Neuland Laboratories Limited,NEULANDLAB,NSE,India,,EQ,INE794A01010,NSE_EQ|INE794A01010
Newgen Software Technologies Limited,NEWGEN,NSE,India,,EQ,INE619B01017,NSE_EQ|INE619B01017
Next Mediaworks Limited,NEXTMEDIA,NSE,India,,EQ,INE747B01016,NSE_EQ|INE747B01016
National Fertilizers Limited,NFL,NSE,India,,EQ,INE870D01012,NSE_EQ|INE870D01012
Nakoda Group of Industries Limited,NGIL,NSE,India,,BE,INE236Y01012,NSE_EQ|INE236Y01012
NGL Fine-Chem Limited,NGLFINE,NSE,India,,EQ,INE887E01022,NSE_EQ|INE887E01022
Narayana Hrudayalaya Ltd.,NH,NSE,India,,EQ,INE410P01011,NSE_EQ|INE410P01011
NHPC Limited,NHPC,NSE,India,,EQ,INE848E01016,NSE_EQ|INE848E01016
The New India Assurance Company Limited,NIACL,NSE,India,,EQ,INE470Y01017,NSE_EQ|INE470Y01017
NIBE Limited,NIBE,NSE,India,,EQ,INE149O01018,NSE_EQ|INE149O01018
NRB Industrial Bearings Limited,NIBL,NSE,India,,EQ,INE047O01014,NSE_EQ|INE047O01014
NIIT Limited,NIITLTD,NSE,India,,EQ,INE161A01038,NSE_EQ|INE161A01038
NIIT Learning Systems Limited,NIITMTS,NSE,India,,EQ,INE342G01023,NSE_EQ|INE342G01023
Nila Infrastructures Limited,NILAINFRA,NSE,India,,EQ,INE937C01029,NSE_EQ|INE937C01029
Nila Spaces Limited,NILASPACES,NSE,India,,EQ,INE00S901012,NSE_EQ|INE00S901012
Nile Limited,NILE,NSE,India,,EQ,INE445D01013,NSE_EQ|INE445D01013
Nilkamal Limited,NILKAMAL,NSE,India,,EQ,INE310A01015,NSE_EQ|INE310A01015
Nimbus Projects Limited,NIMBSPROJ,NSE,India,,BE,INE875B01015,NSE_EQ|INE875B01015
NINtec Systems Limited,NINSYS,NSE,India,,BE,INE395U01014,NSE_EQ|INE395U01014
Indo-National Limited,NIPPOBATRY,NSE,India,,EQ,INE567A01028,NSE_EQ|INE567A01028
Niraj Cement Structurals Limited,NIRAJ,NSE,India,,BE,INE368I01016,NSE_EQ|INE368I01016
Niraj Ispat Industries Limited,NIRAJISPAT,NSE,India,,EQ,INE326T01011,NSE_EQ|INE326T01011
Nirlon Limited,NIRLON,NSE,India,,EQ,INE910A01012,NSE_EQ|INE910A01012
Nitco Limited,NITCO,NSE,India,,EQ,INE858F01012,NSE_EQ|INE858F01012
Nitin Spinners Limited,NITINSPIN,NSE,India,,EQ,INE229H01012,NSE_EQ|INE229H01012
Nitiraj Engineers Limited,NITIRAJ,NSE,India,,EQ,INE439T01012,NSE_EQ|INE439T01012
Nitta Gelatin India Limited,NITTAGELA,NSE,India,,EQ,INE265B01019,NSE_EQ|INE265B01019
Niva Bupa Health Insurance Company Limited,NIVABUPA,NSE,India,,EQ,INE995S01015,NSE_EQ|INE995S01015
NK Industries Limited,NKIND,NSE,India,,EQ,INE542C01019,NSE_EQ|INE542C01019
NLC India Limited,NLCINDIA,NSE,India,,EQ,INE589A01014,NSE_EQ|INE589A01014
NMDC Limited,NMDC,NSE,India,,EQ,INE584A01023,NSE_EQ|INE584A01023
NOCIL Limited,NOCIL,NSE,India,,EQ,INE163A01018,NSE_EQ|INE163A01018
Noida Toll Bridge Company Limited,NOIDATOLL,NSE,India,,BE,INE781B01015,NSE_EQ|INE781B01015
Norben Tea & Exports Limited,NORBTEAEXP,NSE,India,,EQ,INE369C01017,NSE_EQ|INE369C01017
Northern Arc Capital Limited,NORTHARC,NSE,India,,EQ,INE850M01015,NSE_EQ|INE850M01015
Nova Agritech Limited,NOVAAGRI,NSE,India,,BE,INE02H701025,NSE_EQ|INE02H701025
Novartis India Limited,NOVARTIND,NSE,India,,EQ,INE234A01025,NSE_EQ|INE234A01025
Network People Services Technologies Limited,NPST,NSE,India,,EQ,INE0FFK01017,NSE_EQ|INE0FFK01017
N R Agarwal Industries Limited,NRAIL,NSE,India,,EQ,INE740D01017,NSE_EQ|INE740D01017
NRB Bearing Limited,NRBBEARING,NSE,India,,EQ,INE349A01021,NSE_EQ|INE349A01021
Nupur Recyclers Limited,NRL,NSE,India,,BE,INE0JM501013,NSE_EQ|INE0JM501013
Nalwa Sons Investments Limited,NSIL,NSE,India,,EQ,INE023A01030,NSE_EQ|INE023A01030
NMDC Steel Limited,NSLNISP,NSE,India,,EQ,INE0NNS01018,NSE_EQ|INE0NNS01018
NTPC Limited,NTPC,NSE,India,,EQ,INE733E01010,NSE_EQ|INE733E01010
NTPC Green Energy Limited,NTPCGREEN,NSE,India,,EQ,INE0ONG01011,NSE_EQ|INE0ONG01011
Nucleus Software Exports Limited,NUCLEUS,NSE,India,,EQ,INE096B01018,NSE_EQ|INE096B01018
Nureca Limited,NURECA,NSE,India,,EQ,INE0DSF01015,NSE_EQ|INE0DSF01015
Nuvama Wealth Management Limited,NUVAMA,NSE,India,,EQ,INE531F01023,NSE_EQ|INE531F01023
Nuvoco Vistas Corporation Limited,NUVOCO,NSE,India,,EQ,INE118D01016,NSE_EQ|INE118D01016
FSN E-Commerce Ventures Limited,NYKAA,NSE,India,,EQ,INE388Y01029,NSE_EQ|INE388Y01029
Oriental Aromatics Limited,OAL,NSE,India,,EQ,INE959C01023,NSE_EQ|INE959C01023
OBCL Limited,OBCL,NSE,India,,EQ,INE426Z01016,NSE_EQ|INE426Z01016
Oberoi Realty Limited,OBEROIRLTY,NSE,India,,EQ,INE093I01010,NSE_EQ|INE093I01010
OCCL Limited,OCCLLTD,NSE,India,,BE,INE0PK601023,NSE_EQ|INE0PK601023
Odigma Consultancy Solutions Limited,ODIGMA,NSE,India,,BE,INE054301028,NSE_EQ|INE054301028
Oracle Financial Services Software Limited,OFSS,NSE,India,,EQ,INE881D01027,NSE_EQ|INE881D01027
Oil India Limited,OIL,NSE,India,,EQ,INE274J01014,NSE_EQ|INE274J01014
Oil Country Tubular Limited,OILCOUNTUB,NSE,India,,BE,INE591A01010,NSE_EQ|INE591A01010
Ola Electric Mobility Limited,OLAELEC,NSE,India,,EQ,INE0LXG01040,NSE_EQ|INE0LXG01040
Olectra Greentech Limited,OLECTRA,NSE,India,,EQ,INE260D01016,NSE_EQ|INE260D01016
Omax Autos Limited,OMAXAUTO,NSE,India,,BE,INE090B01011,NSE_EQ|INE090B01011
Omaxe Limited,OMAXE,NSE,India,,EQ,INE800H01010,NSE_EQ|INE800H01010
Om Freight Forwarders Limited,OMFREIGHT,NSE,India,,BE,INE1BZC01019,NSE_EQ|INE1BZC01019
OM INFRA LIMITED,OMINFRAL,NSE,India,,EQ,INE239D01028,NSE_EQ|INE239D01028
Omnitech Engineering Limited,OMNI,NSE,India,,EQ,INE0UH301010,NSE_EQ|INE0UH301010
Om Power Transmission Limited,OMPOWER,NSE,India,,EQ,INE25E901019,NSE_EQ|INE25E901019
Onelife Capital Advisors Limited,ONELIFECAP,NSE,India,,BE,INE912L01015,NSE_EQ|INE912L01015
One Point One Solutions Limited,ONEPOINT,NSE,India,,EQ,INE840Y01029,NSE_EQ|INE840Y01029
Onesource Specialty Pharma Limited,ONESOURCE,NSE,India,,EQ,INE013P01021,NSE_EQ|INE013P01021
Oil & Natural Gas Corporation Limited,ONGC,NSE,India,,EQ,INE213A01029,NSE_EQ|INE213A01029
Onida Electronics Limited,ONIDA,NSE,India,,BE,INE831A01028,NSE_EQ|INE831A01028
OnMobile Global Limited,ONMOBILE,NSE,India,,BE,INE809I01019,NSE_EQ|INE809I01019
Onward Technologies Limited,ONWARDTEC,NSE,India,,EQ,INE229A01017,NSE_EQ|INE229A01017
Optiemus Infracom Limited,OPTIEMUS,NSE,India,,EQ,INE350C01017,NSE_EQ|INE350C01017
Orbit Exports Limited,ORBTEXP,NSE,India,,BE,INE231G01010,NSE_EQ|INE231G01010
Orchasp Limited,ORCHASP,NSE,India,,EQ,INE215B01022,NSE_EQ|INE215B01022
Orchid Pharma Limited,ORCHPHARMA,NSE,India,,EQ,INE191A01027,NSE_EQ|INE191A01027
Oricon Enterprises Limited,ORICONENT,NSE,India,,EQ,INE730A01022,NSE_EQ|INE730A01022
Oriental Trimex Limited,ORIENTALTL,NSE,India,,EQ,INE998H01012,NSE_EQ|INE998H01012
Orient Bell Limited,ORIENTBELL,NSE,India,,EQ,INE607D01018,NSE_EQ|INE607D01018
Orient Cement Limited,ORIENTCEM,NSE,India,,EQ,INE876N01018,NSE_EQ|INE876N01018
ORIENT CERATECH LIMITED,ORIENTCER,NSE,India,,EQ,INE569C01020,NSE_EQ|INE569C01020
Orient Electric Limited,ORIENTELEC,NSE,India,,EQ,INE142Z01019,NSE_EQ|INE142Z01019
Oriental Hotels Limited,ORIENTHOT,NSE,India,,EQ,INE750A01020,NSE_EQ|INE750A01020
Orient Press Limited,ORIENTLTD,NSE,India,,BE,INE609C01024,NSE_EQ|INE609C01024
Orient Paper & Industries Limited,ORIENTPPR,NSE,India,,EQ,INE592A01026,NSE_EQ|INE592A01026
Orient Technologies Limited,ORIENTTECH,NSE,India,,EQ,INE0PPK01015,NSE_EQ|INE0PPK01015
The Orissa Minerals Development Company Limited,ORISSAMINE,NSE,India,,EQ,INE725E01024,NSE_EQ|INE725E01024
Orkla India Limited,ORKLAINDIA,NSE,India,,EQ,INE16NZ01023,NSE_EQ|INE16NZ01023
Ortel Communications Limited,ORTEL,NSE,India,,BZ,INE849L01019,NSE_EQ|INE849L01019
ORTIN GLOBAL LIMITED,ORTINGLOBE,NSE,India,,BE,INE749B01020,NSE_EQ|INE749B01020
Osia Hyper Retail Limited,OSIAHYPER,NSE,India,,BE,INE06IR01021,NSE_EQ|INE06IR01021
Oswal Agro Mills Limited,OSWALAGRO,NSE,India,,EQ,INE142A01012,NSE_EQ|INE142A01012
Oswal Greentech Limited,OSWALGREEN,NSE,India,,EQ,INE143A01010,NSE_EQ|INE143A01010
Oswal Pumps Limited,OSWALPUMPS,NSE,India,,EQ,INE0BYP01024,NSE_EQ|INE0BYP01024
ShreeOswal Seeds And Chemicals Limited,OSWALSEEDS,NSE,India,,EQ,INE00IK01029,NSE_EQ|INE00IK01029
Pace Digitek Limited,PACEDIGITK,NSE,India,,EQ,INE0S3G01027,NSE_EQ|INE0S3G01027
Page Industries Limited,PAGEIND,NSE,India,,EQ,INE761H01022,NSE_EQ|INE761H01022
Paisalo Digital Limited,PAISALO,NSE,India,,EQ,INE420C01059,NSE_EQ|INE420C01059
PAKKA LIMITED,PAKKA,NSE,India,,EQ,INE551D01018,NSE_EQ|INE551D01018
Palash Securities Limited,PALASHSECU,NSE,India,,EQ,INE471W01019,NSE_EQ|INE471W01019
Palred Technologies Limited,PALREDTEC,NSE,India,,BE,INE218G01033,NSE_EQ|INE218G01033
Panacea Biotec Limited,PANACEABIO,NSE,India,,EQ,INE922B01023,NSE_EQ|INE922B01023
Panache Digilife Limited,PANACHE,NSE,India,,BE,INE895W01019,NSE_EQ|INE895W01019
Panama Petrochem Limited,PANAMAPET,NSE,India,,EQ,INE305C01029,NSE_EQ|INE305C01029
Pansari Developers Limited,PANSARI,NSE,India,,EQ,INE697V01011,NSE_EQ|INE697V01011
Par Drugs And Chemicals Limited,PAR,NSE,India,,EQ,INE04LG01015,NSE_EQ|INE04LG01015
Paramount Communications Limited,PARACABLES,NSE,India,,EQ,INE074B01023,NSE_EQ|INE074B01023
Paradeep Phosphates Limited,PARADEEP,NSE,India,,EQ,INE088F01024,NSE_EQ|INE088F01024
Parag Milk Foods Limited,PARAGMILK,NSE,India,,EQ,INE883N01014,NSE_EQ|INE883N01014
Paras Defence and Space Technologies Limited,PARAS,NSE,India,,EQ,INE045601023,NSE_EQ|INE045601023
Paras Petrofils Limited,PARASPETRO,NSE,India,,EQ,INE162C01024,NSE_EQ|INE162C01024
Park Medi World Limited,PARKHOSPS,NSE,India,,EQ,INE119201023,NSE_EQ|INE119201023
Apeejay Surrendra Park Hotels Limited,PARKHOTELS,NSE,India,,EQ,INE988S01028,NSE_EQ|INE988S01028
Parsvnath Developers Limited,PARSVNATH,NSE,India,,BE,INE561H01026,NSE_EQ|INE561H01026
Pashupati Cotspin Limited,PASHUPATI,NSE,India,,EQ,INE124Y01028,NSE_EQ|INE124Y01028
Pasupati Acrylon Limited,PASUPTAC,NSE,India,,BE,INE818B01023,NSE_EQ|INE818B01023
Patanjali Foods Limited,PATANJALI,NSE,India,,EQ,INE619A01035,NSE_EQ|INE619A01035
Patel Engineering Limited,PATELENG,NSE,India,,EQ,INE244B01030,NSE_EQ|INE244B01030
Patel Retail Limited,PATELRMART,NSE,India,,EQ,INE0R8B01010,NSE_EQ|INE0R8B01010
Patel Integrated Logistics Limited,PATINTLOG,NSE,India,,BE,INE529D01014,NSE_EQ|INE529D01014
Paushak Limited,PAUSHAKLTD,NSE,India,,EQ,INE111F01024,NSE_EQ|INE111F01024
Pavna Industries Limited,PAVNAIND,NSE,India,,EQ,INE07S101038,NSE_EQ|INE07S101038
One 97 Communications Limited,PAYTM,NSE,India,,EQ,INE982J01020,NSE_EQ|INE982J01020
PCBL Chemical Limited,PCBL,NSE,India,,EQ,INE602A01031,NSE_EQ|INE602A01031
PC Jeweller Limited,PCJEWELLER,NSE,India,,EQ,INE785M01021,NSE_EQ|INE785M01021
Pudumjee Paper Products Limited,PDMJEPAPER,NSE,India,,EQ,INE865T01018,NSE_EQ|INE865T01018
PDS Limited,PDSL,NSE,India,,EQ,INE111Q01021,NSE_EQ|INE111Q01021
Pearl Polymers Limited,PEARLPOLY,NSE,India,,BE,INE844A01013,NSE_EQ|INE844A01013
Pennar Industries Limited,PENIND,NSE,India,,EQ,INE932A01024,NSE_EQ|INE932A01024
Peninsula Land Limited,PENINLAND,NSE,India,,BE,INE138A01028,NSE_EQ|INE138A01028
Persistent Systems Limited,PERSISTENT,NSE,India,,EQ,INE262H01021,NSE_EQ|INE262H01021
Petronet LNG Limited,PETRONET,NSE,India,,EQ,INE347G01014,NSE_EQ|INE347G01014
Power Finance Corporation Limited,PFC,NSE,India,,EQ,INE134E01011,NSE_EQ|INE134E01011
Pfizer Limited,PFIZER,NSE,India,,EQ,INE182A01018,NSE_EQ|INE182A01018
Prime Focus Limited,PFOCUS,NSE,India,,EQ,INE367G01038,NSE_EQ|INE367G01038
PTC India Financial Services Limited,PFS,NSE,India,,EQ,INE560K01014,NSE_EQ|INE560K01014
PG Electroplast Limited,PGEL,NSE,India,,EQ,INE457L01029,NSE_EQ|INE457L01029
Procter & Gamble Hygiene and Health Care Limited,PGHH,NSE,India,,EQ,INE179A01014,NSE_EQ|INE179A01014
Procter & Gamble Health Limited,PGHL,NSE,India,,EQ,INE199A01012,NSE_EQ|INE199A01012
Pearl Global Industries Limited,PGIL,NSE,India,,EQ,INE940H01022,NSE_EQ|INE940H01022
The Phoenix Mills Limited,PHOENIXLTD,NSE,India,,EQ,INE211B01039,NSE_EQ|INE211B01039
Piccadily Agro Industries Limited,PICCADIL,NSE,India,,EQ,INE546C01010,NSE_EQ|INE546C01010
Pidilite Industries Limited,PIDILITIND,NSE,India,,EQ,INE318A01026,NSE_EQ|INE318A01026
Power & Instrumentation (Gujarat) Limited,PIGL,NSE,India,,EQ,INE557Z01018,NSE_EQ|INE557Z01018
PI Industries Limited,PIIND,NSE,India,,EQ,INE603J01030,NSE_EQ|INE603J01030
Pilani Investment and Industries Corporation Limited,PILANIINVS,NSE,India,,EQ,INE417C01014,NSE_EQ|INE417C01014
PIL ITALICA LIFESTYLE LIMITED,PILITA,NSE,India,,BE,INE600A01035,NSE_EQ|INE600A01035
Pine Labs Limited,PINELABS,NSE,India,,EQ,INE15B701018,NSE_EQ|INE15B701018
Pioneer Embroideries Limited,PIONEEREMB,NSE,India,,EQ,INE156C01018,NSE_EQ|INE156C01018
Pioneer Investcorp Limited,PIONRINV,NSE,India,,BE,INE746D01014,NSE_EQ|INE746D01014
Piramal Finance Limited,PIRAMALFIN,NSE,India,,EQ,INE202B01038,NSE_EQ|INE202B01038
Pitti Engineering Limited,PITTIENG,NSE,India,,EQ,INE450D01021,NSE_EQ|INE450D01021
Pix Transmissions Limited,PIXTRANS,NSE,India,,EQ,INE751B01018,NSE_EQ|INE751B01018
The Peria Karamalai Tea & Produce Company Limited,PKTEA,NSE,India,,EQ,INE431F01018,NSE_EQ|INE431F01018
Plastiblends India Limited,PLASTIBLEN,NSE,India,,EQ,INE083C01022,NSE_EQ|INE083C01022
Platinum Industries Limited,PLATIND,NSE,India,,EQ,INE0PT501018,NSE_EQ|INE0PT501018
Plaza Wires Limited,PLAZACABLE,NSE,India,,BE,INE0INJ01017,NSE_EQ|INE0INJ01017
Paul Merchants Limited,PML,NSE,India,,EQ,INE291E01019,NSE_EQ|INE291E01019
Punjab National Bank,PNB,NSE,India,,EQ,INE160A01022,NSE_EQ|INE160A01022
PNB Gilts Limited,PNBGILTS,NSE,India,,EQ,INE859A01011,NSE_EQ|INE859A01011
PNB Housing Finance Limited,PNBHOUSING,NSE,India,,EQ,INE572E01012,NSE_EQ|INE572E01012
Pritish Nandy Communications Limited,PNC,NSE,India,,EQ,INE392B01011,NSE_EQ|INE392B01011
PNC Infratech Limited,PNCINFRA,NSE,India,,EQ,INE195J01029,NSE_EQ|INE195J01029
P N Gadgil Jewellers Limited,PNGJL,NSE,India,,EQ,INE953R01016,NSE_EQ|INE953R01016
PNGS Reva Diamond Jewellery Limited,PNGSREVA,NSE,India,,EQ,INE1RDG01013,NSE_EQ|INE1RDG01013
Pondy Oxides & Chemicals Limited,POCL,NSE,India,,EQ,INE063E01061,NSE_EQ|INE063E01061
Poddar Pigments Limited,PODDARMENT,NSE,India,,EQ,INE371C01013,NSE_EQ|INE371C01013
Pokarna Limited,POKARNA,NSE,India,,EQ,INE637C01025,NSE_EQ|INE637C01025
PB Fintech Limited,POLICYBZR,NSE,India,,EQ,INE417T01026,NSE_EQ|INE417T01026
Polycab India Limited,POLYCAB,NSE,India,,EQ,INE455K01017,NSE_EQ|INE455K01017
Poly Medicure Limited,POLYMED,NSE,India,,EQ,INE205C01021,NSE_EQ|INE205C01021
Polyplex Corporation Limited,POLYPLEX,NSE,India,,EQ,INE633B01018,NSE_EQ|INE633B01018
Ponni Sugars (Erode) Limited,PONNIERODE,NSE,India,,EQ,INE838E01017,NSE_EQ|INE838E01017
Poonawalla Fincorp Limited,POONAWALLA,NSE,India,,EQ,INE511C01022,NSE_EQ|INE511C01022
Power Grid Corporation of India Limited,POWERGRID,NSE,India,,EQ,INE752E01010,NSE_EQ|INE752E01010
Powerica Limited,POWERICA,NSE,India,,EQ,INE921L01032,NSE_EQ|INE921L01032
Hitachi Energy India Limited,POWERINDIA,NSE,India,,EQ,INE07Y701011,NSE_EQ|INE07Y701011
Power Mech Projects Limited,POWERMECH,NSE,India,,EQ,INE211R01019,NSE_EQ|INE211R01019
PPAP Automotive Limited,PPAP,NSE,India,,BE,INE095I01015,NSE_EQ|INE095I01015
Prakash Pipes Limited,PPL,NSE,India,,BE,INE050001010,NSE_EQ|INE050001010
Piramal Pharma Limited,PPLPHARMA,NSE,India,,EQ,INE0DK501011,NSE_EQ|INE0DK501011
Prabha Energy Limited,PRABHA,NSE,India,,EQ,INE0I0M01023,NSE_EQ|INE0I0M01023
Pradeep Metals Limited,PRADPME,NSE,India,,BE,INE770A01010,NSE_EQ|INE770A01010
Prajay Engineers Syndicate Limited,PRAENG,NSE,India,,EQ,INE505C01016,NSE_EQ|INE505C01016
Praj Industries Limited,PRAJIND,NSE,India,,EQ,INE074A01025,NSE_EQ|INE074A01025
Prakash Industries Limited,PRAKASH,NSE,India,,EQ,INE603A01013,NSE_EQ|INE603A01013
Prakash Steelage Limited,PRAKASHSTL,NSE,India,,EQ,INE696K01024,NSE_EQ|INE696K01024
Praveg Limited,PRAVEG,NSE,India,,EQ,INE722B01019,NSE_EQ|INE722B01019
Praxis Home Retail Limited,PRAXIS,NSE,India,,EQ,INE546Y01022,NSE_EQ|INE546Y01022
Precision Camshafts Limited,PRECAM,NSE,India,,EQ,INE484I01029,NSE_EQ|INE484I01029
Precot Limited,PRECOT,NSE,India,,EQ,INE283A01014,NSE_EQ|INE283A01014
Precision Wires India Limited,PRECWIRE,NSE,India,,EQ,INE372C01037,NSE_EQ|INE372C01037
Premco Global Limited,PREMCO,NSE,India,,EQ,INE001E01012,NSE_EQ|INE001E01012
Premier Explosives Limited,PREMEXPLN,NSE,India,,EQ,INE863B01029,NSE_EQ|INE863B01029
Premier Limited,PREMIER,NSE,India,,BE,INE342A01018,NSE_EQ|INE342A01018
Premier Energies Limited,PREMIERENE,NSE,India,,EQ,INE0BS701011,NSE_EQ|INE0BS701011
Premier Polyfilm Limited,PREMIERPOL,NSE,India,,EQ,INE309M01020,NSE_EQ|INE309M01020
Prestige Estates Projects Limited,PRESTIGE,NSE,India,,EQ,INE811K01011,NSE_EQ|INE811K01011
Pricol Limited,PRICOLLTD,NSE,India,,EQ,INE726V01018,NSE_EQ|INE726V01018
Prime Securities Limited,PRIMESECU,NSE,India,,EQ,INE032B01021,NSE_EQ|INE032B01021
Primo Chemicals Limited,PRIMO,NSE,India,,EQ,INE607A01022,NSE_EQ|INE607A01022
Prince Pipes And Fittings Limited,PRINCEPIPE,NSE,India,,EQ,INE689W01016,NSE_EQ|INE689W01016
Priti International Limited,PRITI,NSE,India,,BE,INE974Z01015,NSE_EQ|INE974Z01015
Pritika Auto Industries Limited,PRITIKAUTO,NSE,India,,BE,INE583R01029,NSE_EQ|INE583R01029
Privi Speciality Chemicals Limited,PRIVISCL,NSE,India,,EQ,INE959A01019,NSE_EQ|INE959A01019
Prostarm Info Systems Limited,PROSTARM,NSE,India,,EQ,INE0BX301013,NSE_EQ|INE0BX301013
Protean eGov Technologies Limited,PROTEAN,NSE,India,,EQ,INE004A01022,NSE_EQ|INE004A01022
Prozone Realty Limited,PROZONER,NSE,India,,EQ,INE195N01013,NSE_EQ|INE195N01013
Prism Johnson Limited,PRSMJOHNSN,NSE,India,,EQ,INE010A01011,NSE_EQ|INE010A01011
Prudent Corporate Advisory Services Limited,PRUDENT,NSE,India,,EQ,INE00F201020,NSE_EQ|INE00F201020
Prudential Sugar Corporation Limited,PRUDMOULI,NSE,India,,BE,INE024D01016,NSE_EQ|INE024D01016
Punjab & Sind Bank,PSB,NSE,India,,EQ,INE608A01012,NSE_EQ|INE608A01012
PSP Projects Limited,PSPPROJECT,NSE,India,,EQ,INE488V01015,NSE_EQ|INE488V01015
PTC India Limited,PTC,NSE,India,,EQ,INE877F01012,NSE_EQ|INE877F01012
PTC Industries Limited,PTCIL,NSE,India,,EQ,INE596F01018,NSE_EQ|INE596F01018
PTL Enterprises Limited,PTL,NSE,India,,EQ,INE034D01049,NSE_EQ|INE034D01049
Punjab Chemicals & Crop Protection Limited,PUNJABCHEM,NSE,India,,EQ,INE277B01014,NSE_EQ|INE277B01014
Puravankara Limited,PURVA,NSE,India,,EQ,INE323I01011,NSE_EQ|INE323I01011
PVP Ventures Limited,PVP,NSE,India,,EQ,INE362A01016,NSE_EQ|INE362A01016
PVR INOX Limited,PVRINOX,NSE,India,,EQ,INE191H01014,NSE_EQ|INE191H01014
Popular Vehicles and Services Limited,PVSL,NSE,India,,EQ,INE772T01024,NSE_EQ|INE772T01024
Physicswallah Limited,PWL,NSE,India,,EQ,INE0LP301011,NSE_EQ|INE0LP301011
Pyramid Technoplast Limited,PYRAMID,NSE,India,,EQ,INE0MIS01010,NSE_EQ|INE0MIS01010
QMS Medical Allied Services Limited,QMSMEDI,NSE,India,,EQ,INE0FMW01018,NSE_EQ|INE0FMW01018
Quality Power Electrical Equipments Limited,QPOWER,NSE,India,,BE,INE0SII01026,NSE_EQ|INE0SII01026
Quadrant Future Tek Limited,QUADFUTURE,NSE,India,,EQ,INE0LRY01011,NSE_EQ|INE0LRY01011
Quess Corp Limited,QUESS,NSE,India,,EQ,INE615P01015,NSE_EQ|INE615P01015
Quick Heal Technologies Limited,QUICKHEAL,NSE,India,,BE,INE306L01010,NSE_EQ|INE306L01010
Quint Digital Limited,QUINT,NSE,India,,EQ,INE641R01017,NSE_EQ|INE641R01017
Race Eco Chain Limited,RACE,NSE,India,,EQ,INE084Q01012,NSE_EQ|INE084Q01012
RACL Geartech Limited,RACLGEAR,NSE,India,,EQ,INE704B01017,NSE_EQ|INE704B01017
Radaan Mediaworks India Limited,RADAAN,NSE,India,,EQ,INE874F01027,NSE_EQ|INE874F01027
Radhika Jeweltech Limited,RADHIKAJWE,NSE,India,,EQ,INE583V01021,NSE_EQ|INE583V01021
Radiant Cash Management Services Limited,RADIANTCMS,NSE,India,,EQ,INE855R01021,NSE_EQ|INE855R01021
Radico Khaitan Limited,RADICO,NSE,India,,EQ,INE944F01028,NSE_EQ|INE944F01028
Music Broadcast Limited,RADIOCITY,NSE,India,,EQ,INE919I01024,NSE_EQ|INE919I01024
Railtel Corporation Of India Limited,RAILTEL,NSE,India,,EQ,INE0DD101019,NSE_EQ|INE0DD101019
Rain Industries Limited,RAIN,NSE,India,,EQ,INE855B01025,NSE_EQ|INE855B01025
Rainbow Childrens Medicare Limited,RAINBOW,NSE,India,,EQ,INE961O01016,NSE_EQ|INE961O01016
Rajesh Exports Limited,RAJESHEXPO,NSE,India,,BZ,INE343B01030,NSE_EQ|INE343B01030
Rajnandini Metal Limited,RAJMET,NSE,India,,EQ,INE00KV01022,NSE_EQ|INE00KV01022
Rajoo Engineers Limited,RAJOOENG,NSE,India,,BE,INE535F01024,NSE_EQ|INE535F01024
Rajapalayam Mills Limited,RAJPALAYAM,NSE,India,,EQ,INE296E01026,NSE_EQ|INE296E01026
Rajratan Global Wire Limited,RAJRATAN,NSE,India,,EQ,INE451D01029,NSE_EQ|INE451D01029
Raj Rayon Industries Limited,RAJRILTD,NSE,India,,BE,INE533D01032,NSE_EQ|INE533D01032
Rajshree Sugars & Chemicals Limited,RAJSREESUG,NSE,India,,EQ,INE562B01019,NSE_EQ|INE562B01019
Raj Television Network Limited,RAJTV,NSE,India,,EQ,INE952H01027,NSE_EQ|INE952H01027
Rallis India Limited,RALLIS,NSE,India,,EQ,INE613A01020,NSE_EQ|INE613A01020
Shree Rama Newsprint Limited,RAMANEWS,NSE,India,,EQ,INE278B01020,NSE_EQ|INE278B01020
Rama Phosphates Limited,RAMAPHO,NSE,India,,EQ,INE809A01032,NSE_EQ|INE809A01032
Rama Steel Tubes Limited,RAMASTEEL,NSE,India,,BE,INE230R01035,NSE_EQ|INE230R01035
Advit Jewels Limited,RAMBHAJO,NSE,India,,EQ,INE1SJO01012,NSE_EQ|INE1SJO01012
The Ramco Cements Limited,RAMCOCEM,NSE,India,,EQ,INE331A01037,NSE_EQ|INE331A01037
Ramco Industries Limited,RAMCOIND,NSE,India,,EQ,INE614A01028,NSE_EQ|INE614A01028
Ramco Systems Limited,RAMCOSYS,NSE,India,,EQ,INE246B01019,NSE_EQ|INE246B01019
Ramky Infrastructure Limited,RAMKY,NSE,India,,EQ,INE874I01013,NSE_EQ|INE874I01013
Ram Ratna Wires Limited,RAMRAT,NSE,India,,EQ,INE207E01023,NSE_EQ|INE207E01023
Rana Sugars Limited,RANASUG,NSE,India,,EQ,INE625B01014,NSE_EQ|INE625B01014
Rane Holdings Limited,RANEHOLDIN,NSE,India,,EQ,INE384A01010,NSE_EQ|INE384A01010
Rategain Travel Technologies Limited,RATEGAIN,NSE,India,,EQ,INE0CLI01024,NSE_EQ|INE0CLI01024
Ratnamani Metals & Tubes Limited,RATNAMANI,NSE,India,,EQ,INE703B01027,NSE_EQ|INE703B01027
Ratnaveer Precision Engineering Limited,RATNAVEER,NSE,India,,EQ,INE05CZ01011,NSE_EQ|INE05CZ01011
Raymond Limited,RAYMOND,NSE,India,,EQ,INE301A01014,NSE_EQ|INE301A01014
Raymond Lifestyle Limited,RAYMONDLSL,NSE,India,,EQ,INE02ID01020,NSE_EQ|INE02ID01020
Raymond Realty Limited,RAYMONDREL,NSE,India,,EQ,INE1SY401010,NSE_EQ|INE1SY401010
Restaurant Brands Asia Limited,RBA,NSE,India,,EQ,INE07T201019,NSE_EQ|INE07T201019
RBL Bank Limited,RBLBANK,NSE,India,,EQ,INE976G01028,NSE_EQ|INE976G01028
RBZ Jewellers Limited,RBZJEWEL,NSE,India,,EQ,INE0PEQ01016,NSE_EQ|INE0PEQ01016
Rashtriya Chemicals and Fertilizers Limited,RCF,NSE,India,,EQ,INE027A01015,NSE_EQ|INE027A01015
Reliance Communications Limited,RCOM,NSE,India,,BE,INE330H01018,NSE_EQ|INE330H01018
REC Limited,RECLTD,NSE,India,,EQ,INE020B01018,NSE_EQ|INE020B01018
Redington Limited,REDINGTON,NSE,India,,EQ,INE891D01026,NSE_EQ|INE891D01026
Redtape Limited,REDTAPE,NSE,India,,EQ,INE0LXT01019,NSE_EQ|INE0LXT01019
Refex Industries Limited,REFEX,NSE,India,,EQ,INE056I01025,NSE_EQ|INE056I01025
Regaal Resources Limited,REGAAL,NSE,India,,BE,INE0MHO01029,NSE_EQ|INE0MHO01029
Regency Ceramics Limited,REGENCERAM,NSE,India,,EQ,INE277C01012,NSE_EQ|INE277C01012
Relaxo Footwears Limited,RELAXO,NSE,India,,EQ,INE131B01039,NSE_EQ|INE131B01039
Reliance Chemotex Industries Limited,RELCHEMQ,NSE,India,,EQ,INE750D01016,NSE_EQ|INE750D01016
Reliable Data Services Limited,RELIABLE,NSE,India,,EQ,INE375Y01018,NSE_EQ|INE375Y01018
Reliance Industries Limited,RELIANCE,NSE,India,,EQ,INE002A01018,NSE_EQ|INE002A01018
Religare Enterprises Limited,RELIGARE,NSE,India,,EQ,INE621H01010,NSE_EQ|INE621H01010
Reliance Infrastructure Limited,RELINFRA,NSE,India,,BE,INE036A01016,NSE_EQ|INE036A01016
Ravindra Energy Limited,RELTD,NSE,India,,EQ,INE206N01018,NSE_EQ|INE206N01018
Remsons Industries Limited,REMSONSIND,NSE,India,,EQ,INE474C01023,NSE_EQ|INE474C01023
Shree Renuka Sugars Limited,RENUKA,NSE,India,,EQ,INE087H01022,NSE_EQ|INE087H01022
Repco Home Finance Limited,REPCOHOME,NSE,India,,EQ,INE612J01015,NSE_EQ|INE612J01015
Rudrabhishek Enterprises Limited,REPL,NSE,India,,BE,INE364Z01019,NSE_EQ|INE364Z01019
Repro India Limited,REPRO,NSE,India,,EQ,INE461B01014,NSE_EQ|INE461B01014
Responsive Industries Limited,RESPONIND,NSE,India,,EQ,INE688D01026,NSE_EQ|INE688D01026
JHS Svendgaard Retail Ventures Limited,RETAIL,NSE,India,,EQ,INE03DD01011,NSE_EQ|INE03DD01011
Renaissance Global Limited,RGL,NSE,India,,EQ,INE722H01024,NSE_EQ|INE722H01024
Rhetan TMT Limited,RHETAN,NSE,India,,EQ,INE0KKN01029,NSE_EQ|INE0KKN01029
Reliance Home Finance Limited,RHFL,NSE,India,,BZ,INE217K01011,NSE_EQ|INE217K01011
RHI MAGNESITA INDIA LIMITED,RHIM,NSE,India,,EQ,INE743M01012,NSE_EQ|INE743M01012
Robust Hotels Limited,RHL,NSE,India,,EQ,INE508K01013,NSE_EQ|INE508K01013
Rico Auto Industries Limited,RICOAUTO,NSE,India,,EQ,INE209B01025,NSE_EQ|INE209B01025
Reliance Industrial Infrastructure Limited,RIIL,NSE,India,,EQ,INE046A01015,NSE_EQ|INE046A01015
RIR Power Electronics Limited,RIR,NSE,India,,EQ,INE302D01024,NSE_EQ|INE302D01024
Rishabh Instruments Limited,RISHABH,NSE,India,,EQ,INE0N2P01017,NSE_EQ|INE0N2P01017
Ritco Logistics Limited,RITCO,NSE,India,,EQ,INE01EG01016,NSE_EQ|INE01EG01016
RITES Limited,RITES,NSE,India,,EQ,INE320J01015,NSE_EQ|INE320J01015
Ravi Kumar Distilleries Limited,RKDL,NSE,India,,EQ,INE722J01012,NSE_EQ|INE722J01012
RKEC Projects Limited,RKEC,NSE,India,,EQ,INE786W01010,NSE_EQ|INE786W01010
Ramkrishna Forgings Limited,RKFORGE,NSE,India,,EQ,INE399G01023,NSE_EQ|INE399G01023
R K Swamy Limited,RKSWAMY,NSE,India,,EQ,INE0NQ801033,NSE_EQ|INE0NQ801033
RMC Switchgears Limited,RMC,NSE,India,,EQ,INE655V01019,NSE_EQ|INE655V01019
R M Drip and Sprinklers Systems Limited,RMDRIP,NSE,India,,BE,INE219Y01026,NSE_EQ|INE219Y01026
Rane (Madras) Limited,RML,NSE,India,,EQ,INE050H01012,NSE_EQ|INE050H01012
R&B Denims Limited,RNBDENIMS,NSE,India,,EQ,INE012Q01039,NSE_EQ|INE012Q01039
Royal Orchid Hotels Limited,ROHLTD,NSE,India,,EQ,INE283H01019,NSE_EQ|INE283H01019
Rolex Rings Limited,ROLEXRINGS,NSE,India,,EQ,INE645S01024,NSE_EQ|INE645S01024
Rollatainers Limited,ROLLT,NSE,India,,BE,INE927A01040,NSE_EQ|INE927A01040
Raj Oil Mills Limited,ROML,NSE,India,,EQ,INE294G01026,NSE_EQ|INE294G01026
Rossari Biotech Limited,ROSSARI,NSE,India,,EQ,INE02A801020,NSE_EQ|INE02A801020
Rossell India Limited,ROSSELLIND,NSE,India,,EQ,INE847C01020,NSE_EQ|INE847C01020
Rossell Techsys Limited,ROSSTECH,NSE,India,,EQ,INE0OJW01016,NSE_EQ|INE0OJW01016
Roto Pumps Limited,ROTO,NSE,India,,EQ,INE535D01037,NSE_EQ|INE535D01037
ROUTE MOBILE LIMITED,ROUTE,NSE,India,,EQ,INE450U01017,NSE_EQ|INE450U01017
Raghav Productivity Enhancers Limited,RPEL,NSE,India,,EQ,INE912T01018,NSE_EQ|INE912T01018
RPG Life Sciences Limited,RPGLIFE,NSE,India,,EQ,INE105J01010,NSE_EQ|INE105J01010
Reliance Power Limited,RPOWER,NSE,India,,EQ,INE614G01033,NSE_EQ|INE614G01033
R.P.P. Infra Projects Limited,RPPINFRA,NSE,India,,EQ,INE324L01013,NSE_EQ|INE324L01013
Rajshree Polypack Limited,RPPL,NSE,India,,EQ,INE760W01023,NSE_EQ|INE760W01023
RPSG VENTURES LIMITED,RPSGVENT,NSE,India,,EQ,INE425Y01011,NSE_EQ|INE425Y01011
Rashi Peripherals Limited,RPTECH,NSE,India,,EQ,INE0J1F01024,NSE_EQ|INE0J1F01024
RRIL Limited,RRIL,NSE,India,,EQ,INE951M01037,NSE_EQ|INE951M01037
R R Kabel Limited,RRKABEL,NSE,India,,EQ,INE777K01022,NSE_EQ|INE777K01022
RSD Finance Limited,RSDFIN,NSE,India,,BE,INE616F01022,NSE_EQ|INE616F01022
Rajputana Stainless Limited,RSL,NSE,India,,EQ,INE313L01016,NSE_EQ|INE313L01016
R. S. Software (India) Limited,RSSOFTWARE,NSE,India,,BE,INE165B01029,NSE_EQ|INE165B01029
RSWM Limited,RSWM,NSE,India,,BE,INE611A01016,NSE_EQ|INE611A01016
R Systems International Limited,RSYSTEMS,NSE,India,,EQ,INE411H01032,NSE_EQ|INE411H01032
RattanIndia Enterprises Limited,RTNINDIA,NSE,India,,EQ,INE834M01019,NSE_EQ|INE834M01019
RattanIndia Power Limited,RTNPOWER,NSE,India,,EQ,INE399K01017,NSE_EQ|INE399K01017
Rubfila International Limited,RUBFILA,NSE,India,,EQ,INE642C01025,NSE_EQ|INE642C01025
Rubicon Research Limited,RUBICON,NSE,India,,EQ,INE506V01022,NSE_EQ|INE506V01022
The Ruby Mills Limited,RUBYMILLS,NSE,India,,BE,INE301D01026,NSE_EQ|INE301D01026
Ruchi Infrastructure Limited,RUCHINFRA,NSE,India,,EQ,INE413B01023,NSE_EQ|INE413B01023
Ruchira Papers Limited,RUCHIRA,NSE,India,,EQ,INE803H01014,NSE_EQ|INE803H01014
Rudra Global Infra Products Limited,RUDRA,NSE,India,,EQ,INE027T01023,NSE_EQ|INE027T01023
Rupa & Company Limited,RUPA,NSE,India,,EQ,INE895B01021,NSE_EQ|INE895B01021
Rushil Decor Limited,RUSHIL,NSE,India,,EQ,INE573K01025,NSE_EQ|INE573K01025
Keystone Realtors Limited,RUSTOMJEE,NSE,India,,EQ,INE263M01029,NSE_EQ|INE263M01029
Ravinder Heights Limited,RVHL,NSE,India,,EQ,INE09E501017,NSE_EQ|INE09E501017
Rail Vikas Nigam Limited,RVNL,NSE,India,,EQ,INE415G01027,NSE_EQ|INE415G01027
Revathi Equipment India Limited,RVTH,NSE,India,,EQ,INE0DAB01012,NSE_EQ|INE0DAB01012
S&S Power Switchgears Limited,S&SPOWER,NSE,India,,EQ,INE902B01017,NSE_EQ|INE902B01017
Saatvik Green Energy Limited,SAATVIKGL,NSE,India,,EQ,INE13B501022,NSE_EQ|INE13B501022
Sadbhav Engineering Limited,SADBHAV,NSE,India,,EQ,INE226H01026,NSE_EQ|INE226H01026
Sadbhav Infrastructure Project Limited,SADBHIN,NSE,India,,BE,INE764L01010,NSE_EQ|INE764L01010
Sadhana Nitrochem Limited,SADHNANIQ,NSE,India,,BE,INE888C01040,NSE_EQ|INE888C01040
Safari Industries (India) Limited,SAFARI,NSE,India,,EQ,INE429E01023,NSE_EQ|INE429E01023
Sagardeep Alloys Limited,SAGARDEEP,NSE,India,,EQ,INE976T01013,NSE_EQ|INE976T01013
Sagar Cements Limited,SAGCEM,NSE,India,,EQ,INE229C01021,NSE_EQ|INE229C01021
SAGILITY LIMITED,SAGILITY,NSE,India,,EQ,INE0W2G01015,NSE_EQ|INE0W2G01015
Shalibhadra Finance Limited,SAHLIBHFI,NSE,India,,EQ,INE861D01011,NSE_EQ|INE861D01011
Sahyadri Industries Limited,SAHYADRI,NSE,India,,EQ,INE280H01015,NSE_EQ|INE280H01015
Steel Authority of India Limited,SAIL,NSE,India,,EQ,INE114A01011,NSE_EQ|INE114A01011
Sai Life Sciences Limited,SAILIFE,NSE,India,,EQ,INE570L01029,NSE_EQ|INE570L01029
Sai Parenterals Limited,SAIPARENT,NSE,India,,EQ,INE0H9F01037,NSE_EQ|INE0H9F01037
Sakar Healthcare Limited,SAKAR,NSE,India,,EQ,INE732S01012,NSE_EQ|INE732S01012
Sakthi Sugars Limited,SAKHTISUG,NSE,India,,EQ,INE623A01011,NSE_EQ|INE623A01011
Saksoft Limited,SAKSOFT,NSE,India,,EQ,INE667G01023,NSE_EQ|INE667G01023
Sakuma Exports Limited,SAKUMA,NSE,India,,EQ,INE190H01024,NSE_EQ|INE190H01024
Salasar Techno Engineering Limited,SALASAR,NSE,India,,EQ,INE170V01027,NSE_EQ|INE170V01027
Salona Cotspin Limited,SALONA,NSE,India,,EQ,INE498E01010,NSE_EQ|INE498E01010
S.A.L. Steel Limited,SALSTEEL,NSE,India,,EQ,INE658G01014,NSE_EQ|INE658G01014
Salzer Electronics Limited,SALZERELEC,NSE,India,,EQ,INE457F01013,NSE_EQ|INE457F01013
Sambhaav Media Limited,SAMBHAAV,NSE,India,,EQ,INE699B01027,NSE_EQ|INE699B01027
Sambhv Steel Tubes Limited,SAMBHV,NSE,India,,EQ,INE12NJ01018,NSE_EQ|INE12NJ01018
Samhi Hotels Limited,SAMHI,NSE,India,,EQ,INE08U801020,NSE_EQ|INE08U801020
Sammaan Capital Limited,SAMMAANCAP,NSE,India,,EQ,INE148I01020,NSE_EQ|INE148I01020
Sampann Utpadan India Limited,SAMPANN,NSE,India,,EQ,INE735M01018,NSE_EQ|INE735M01018
Sanathan Textiles Limited,SANATHAN,NSE,India,,EQ,INE0JPD01013,NSE_EQ|INE0JPD01013
The Sandesh Limited,SANDESH,NSE,India,,EQ,INE583B01015,NSE_EQ|INE583B01015
Sandhar Technologies Limited,SANDHAR,NSE,India,,EQ,INE278H01035,NSE_EQ|INE278H01035
Sandur Manganese & Iron Ores Limited,SANDUMA,NSE,India,,EQ,INE149K01016,NSE_EQ|INE149K01016
Sangam (India) Limited,SANGAMIND,NSE,India,,EQ,INE495C01010,NSE_EQ|INE495C01010
Sanghvi Movers Limited,SANGHVIMOV,NSE,India,,EQ,INE989A01032,NSE_EQ|INE989A01032
Sanginita Chemicals Limited,SANGINITA,NSE,India,,BE,INE753W01010,NSE_EQ|INE753W01010
Sanofi India Limited,SANOFI,NSE,India,,EQ,INE058A01010,NSE_EQ|INE058A01010
Sanofi Consumer Healthcare India Limited,SANOFICONR,NSE,India,,EQ,INE0UOS01011,NSE_EQ|INE0UOS01011
Sansera Engineering Limited,SANSERA,NSE,India,,EQ,INE953O01021,NSE_EQ|INE953O01021
Sanstar Limited,SANSTAR,NSE,India,,EQ,INE08NE01025,NSE_EQ|INE08NE01025
Sanwaria Consumer Limited,SANWARIA,NSE,India,,BZ,INE890C01046,NSE_EQ|INE890C01046
Sapphire Foods India Limited,SAPPHIRE,NSE,India,,EQ,INE806T01020,NSE_EQ|INE806T01020
Shree Ajit Pulp & Paper Limited,SAPPL,NSE,India,,EQ,INE185C01017,NSE_EQ|INE185C01017
Sarda Energy & Minerals Limited,SARDAEN,NSE,India,,EQ,INE385C01021,NSE_EQ|INE385C01021
Saregama India Limited,SAREGAMA,NSE,India,,EQ,INE979A01025,NSE_EQ|INE979A01025
Sarla Performance Fibers Limited,SARLAPOLY,NSE,India,,EQ,INE453D01025,NSE_EQ|INE453D01025
Sarveshwar Foods Limited,SARVESHWAR,NSE,India,,EQ,INE324X01026,NSE_EQ|INE324X01026
Sasken Technologies Limited,SASKEN,NSE,India,,EQ,INE231F01020,NSE_EQ|INE231F01020
Satia Industries Limited,SATIA,NSE,India,,EQ,INE170E01023,NSE_EQ|INE170E01023
Satin Creditcare Network Limited,SATIN,NSE,India,,EQ,INE836B01017,NSE_EQ|INE836B01017
Saurashtra Cement Limited,SAURASHCEM,NSE,India,,EQ,INE626A01014,NSE_EQ|INE626A01014
Sayaji Hotels Limited,SAYAJIHOTL,NSE,India,,EQ,INE318C01014,NSE_EQ|INE318C01014
SBC Exports Limited,SBC,NSE,India,,EQ,INE04AK01028,NSE_EQ|INE04AK01028
Shivalik Bimetal Controls Limited,SBCL,NSE,India,,EQ,INE386D01027,NSE_EQ|INE386D01027
SBFC Finance Limited,SBFC,NSE,India,,EQ,INE423Y01016,NSE_EQ|INE423Y01016
Suratwwala Business Group Limited,SBGLP,NSE,India,,EQ,INE05ST01028,NSE_EQ|INE05ST01028
SBI Cards and Payment Services Limited,SBICARD,NSE,India,,EQ,INE018E01016,NSE_EQ|INE018E01016
SBI Funds Management Limited,SBIFUNDS,NSE,India,,EQ,INE640G01020,NSE_EQ|INE640G01020
SBI Life Insurance Company Limited,SBILIFE,NSE,India,,EQ,INE123W01016,NSE_EQ|INE123W01016
State Bank of India,SBIN,NSE,India,,EQ,INE062A01020,NSE_EQ|INE062A01020
Scan Steels Limited,SCANSTL,NSE,India,,BE,INE099G01011,NSE_EQ|INE099G01011
Schaeffler India Limited,SCHAEFFLER,NSE,India,,EQ,INE513A01022,NSE_EQ|INE513A01022
S Chand And Company Limited,SCHAND,NSE,India,,EQ,INE807K01035,NSE_EQ|INE807K01035
Schneider Electric Infrastructure Limited,SCHNEIDER,NSE,India,,EQ,INE839M01018,NSE_EQ|INE839M01018
Shipping Corporation Of India Limited,SCI,NSE,India,,EQ,INE109A01011,NSE_EQ|INE109A01011
Shipping Corporation of India Land and Assets Limited,SCILAL,NSE,India,,EQ,INE0PB301013,NSE_EQ|INE0PB301013
Scoda Tubes Limited,SCODATUBES,NSE,India,,EQ,INE090501011,NSE_EQ|INE090501011
Sheetal Cool Products Limited,SCPL,NSE,India,,EQ,INE501Y01019,NSE_EQ|INE501Y01019
Som Distilleries & Breweries Limited,SDBL,NSE,India,,EQ,INE480C01038,NSE_EQ|INE480C01038
Seamec Limited,SEAMECLTD,NSE,India,,EQ,INE497B01018,NSE_EQ|INE497B01018
SecMark Consultancy Limited,SECMARK,NSE,India,,EQ,INE0BTM01013,NSE_EQ|INE0BTM01013
SECUREKLOUD TECHNOLOGIES LIMITED,SECURKLOUD,NSE,India,,EQ,INE650K01021,NSE_EQ|INE650K01021
SEDEMAC Mechatronics Limited,SEDEMAC,NSE,India,,EQ,INE00XB01019,NSE_EQ|INE00XB01019
Shanti Educational Initiatives Limited,SEIL,NSE,India,,EQ,INE440T01028,NSE_EQ|INE440T01028
Sejal Glass Limited,SEJALLTD,NSE,India,,BE,INE955I01044,NSE_EQ|INE955I01044
SEL Manufacturing Company Limited,SELMC,NSE,India,,EQ,INE105I01020,NSE_EQ|INE105I01020
Semac Construction Limited,SEMAC,NSE,India,,BE,INE617A01013,NSE_EQ|INE617A01013
Senco Gold Limited,SENCO,NSE,India,,EQ,INE602W01027,NSE_EQ|INE602W01027
Senores Pharmaceuticals Limited,SENORES,NSE,India,,EQ,INE0RB801010,NSE_EQ|INE0RB801010
SEPC Limited,SEPC,NSE,India,,EQ,INE964H01014,NSE_EQ|INE964H01014
Servotech Renewable Power System Limited,SERVOTECH,NSE,India,,EQ,INE782X01033,NSE_EQ|INE782X01033
Seshasayee Paper and Boards Limited,SESHAPAPER,NSE,India,,EQ,INE630A01024,NSE_EQ|INE630A01024
Setco Automotive Limited,SETCO,NSE,India,,BE,INE878E01021,NSE_EQ|INE878E01021
Standard Engineering Technology Limited,SETL,NSE,India,,EQ,INE0M4D01010,NSE_EQ|INE0M4D01010
Setubandhan Infrastructure Limited,SETUINFRA,NSE,India,,BZ,INE023M01027,NSE_EQ|INE023M01027
Seya Industries Limited,SEYAIND,NSE,India,,BE,INE573R01012,NSE_EQ|INE573R01012
Sheela Foam Limited,SFL,NSE,India,,EQ,INE916U01025,NSE_EQ|INE916U01025
SG Finserve Limited,SGFIN,NSE,India,,EQ,INE618R01015,NSE_EQ|INE618R01015
Synergy Green Industries Limited,SGIL,NSE,India,,EQ,INE00QT01015,NSE_EQ|INE00QT01015
STL Global Limited,SGL,NSE,India,,EQ,INE353H01010,NSE_EQ|INE353H01010
SG Mart Limited,SGMART,NSE,India,,EQ,INE385F01024,NSE_EQ|INE385F01024
Shadowfax Technologies Limited,SHADOWFAX,NSE,India,,EQ,INE12UN01015,NSE_EQ|INE12UN01015
Shah Metacorp Limited,SHAH,NSE,India,,EQ,INE482J01021,NSE_EQ|INE482J01021
Shah Alloys Limited,SHAHALLOYS,NSE,India,,EQ,INE640C01011,NSE_EQ|INE640C01011
Shaily Engineering Plastics Limited,SHAILY,NSE,India,,EQ,INE151G01028,NSE_EQ|INE151G01028
Shakti Pumps (India) Limited,SHAKTIPUMP,NSE,India,,EQ,INE908D01010,NSE_EQ|INE908D01010
Shalby Limited,SHALBY,NSE,India,,EQ,INE597J01018,NSE_EQ|INE597J01018
Shalimar Paints Limited,SHALPAINTS,NSE,India,,BE,INE849C01026,NSE_EQ|INE849C01026
Shankara Building Products Limited,SHANKARA,NSE,India,,EQ,INE274V01019,NSE_EQ|INE274V01019
Shanti Overseas (India) Limited,SHANTI,NSE,India,,EQ,INE933X01016,NSE_EQ|INE933X01016
Shanthi Gears Limited,SHANTIGEAR,NSE,India,,EQ,INE631A01022,NSE_EQ|INE631A01022
Shanti Gold International Limited,SHANTIGOLD,NSE,India,,EQ,INE06ZD01017,NSE_EQ|INE06ZD01017
Sharda Cropchem Limited,SHARDACROP,NSE,India,,EQ,INE221J01015,NSE_EQ|INE221J01015
Sharda Motor Industries Limited,SHARDAMOTR,NSE,India,,EQ,INE597I01028,NSE_EQ|INE597I01028
Shardul Securities Limited,SHARDUL,NSE,India,,BE,INE037B01020,NSE_EQ|INE037B01020
Share India Securities Limited,SHAREINDIA,NSE,India,,EQ,INE932X01026,NSE_EQ|INE932X01026
Shri Bajrang Alliance Limited,SHBAJRG,NSE,India,,EQ,INE402H01015,NSE_EQ|INE402H01015
Shekhawati Industries Limited,SHEKHAWATI,NSE,India,,EQ,INE268L01046,NSE_EQ|INE268L01046
Shemaroo Entertainment Limited,SHEMAROO,NSE,India,,BE,INE363M01019,NSE_EQ|INE363M01019
Shilchar Technologies Limited,SHILCTECH,NSE,India,,EQ,INE024F01011,NSE_EQ|INE024F01011
Shilpa Medicare Limited,SHILPAMED,NSE,India,,EQ,INE790G01031,NSE_EQ|INE790G01031
Sharat Industries Limited,SHINDL,NSE,India,,EQ,INE220Z01013,NSE_EQ|INE220Z01013
Shivalik Rasayan Limited,SHIVALIK,NSE,India,,BE,INE788J01021,NSE_EQ|INE788J01021
Shivam Autotech Limited,SHIVAMAUTO,NSE,India,,BE,INE637H01024,NSE_EQ|INE637H01024
Shiva Mills Limited,SHIVAMILLS,NSE,India,,BE,INE644Y01017,NSE_EQ|INE644Y01017
Shiva Texyarn Limited,SHIVATEX,NSE,India,,EQ,INE705C01020,NSE_EQ|INE705C01020
Shiv Aum Steels Limited,SHIVAUM,NSE,India,,EQ,INE719F01016,NSE_EQ|INE719F01016
S H Kelkar and Company Limited,SHK,NSE,India,,EQ,INE500L01026,NSE_EQ|INE500L01026
Shoppers Stop Limited,SHOPERSTOP,NSE,India,,EQ,INE498B01024,NSE_EQ|INE498B01024
Shradha Realty Limited,SHRADHA,NSE,India,,EQ,INE715Y01031,NSE_EQ|INE715Y01031
Shree Digvijay Cement Co.Ltd,SHREDIGCEM,NSE,India,,EQ,INE232A01011,NSE_EQ|INE232A01011
SHREE CEMENT LIMITED,SHREECEM,NSE,India,,EQ,INE070A01015,NSE_EQ|INE070A01015
Shreeji Shipping Global Limited,SHREEJISPG,NSE,India,,EQ,INE1B6101010,NSE_EQ|INE1B6101010
Shree Pushkar Chemicals & Fertilisers Limited,SHREEPUSHK,NSE,India,,EQ,INE712K01011,NSE_EQ|INE712K01011
Shree Rama Multi-Tech Limited,SHREERAMA,NSE,India,,EQ,INE879A01019,NSE_EQ|INE879A01019
Shrenik Limited,SHRENIK,NSE,India,,BZ,INE632X01030,NSE_EQ|INE632X01030
Shreyans Industries Limited,SHREYANIND,NSE,India,,EQ,INE231C01019,NSE_EQ|INE231C01019
Shri Krishna Devcon Limited,SHRIKRISH,NSE,India,,EQ,INE997I01012,NSE_EQ|INE997I01012
Shringar House of Mangalsutra Limited,SHRINGARMS,NSE,India,,EQ,INE1B3L01017,NSE_EQ|INE1B3L01017
SPR Auto Technologies Limited,SHRIPISTON,NSE,India,,EQ,INE526E01018,NSE_EQ|INE526E01018
Shriram Finance Limited,SHRIRAMFIN,NSE,India,,EQ,INE721A01047,NSE_EQ|INE721A01047
Shriram Properties Limited,SHRIRAMPPS,NSE,India,,EQ,INE217L01019,NSE_EQ|INE217L01019
Shyam Century Ferrous Limited,SHYAMCENT,NSE,India,,BE,INE979R01011,NSE_EQ|INE979R01011
Shyam Metalics and Energy Limited,SHYAMMETL,NSE,India,,EQ,INE810G01011,NSE_EQ|INE810G01011
Shyam Telecom Limited,SHYAMTEL,NSE,India,,BE,INE635A01023,NSE_EQ|INE635A01023
Sicagen India Limited,SICAGEN,NSE,India,,EQ,INE176J01011,NSE_EQ|INE176J01011
Sical Logistics Limited,SICALLOG,NSE,India,,BE,INE075B01020,NSE_EQ|INE075B01020
Siemens Limited,SIEMENS,NSE,India,,EQ,INE003A01024,NSE_EQ|INE003A01024
Sigachi Industries Limited,SIGACHI,NSE,India,,BE,INE0D0K01022,NSE_EQ|INE0D0K01022
Signet Industries Limited,SIGIND,NSE,India,,EQ,INE529F01035,NSE_EQ|INE529F01035
Sigma Solve Limited,SIGMA,NSE,India,,EQ,INE0A0S01028,NSE_EQ|INE0A0S01028
SIGMA ADVANCED SYSTEMS LIMITED,SIGMAADV,NSE,India,,BE,INE933B01012,NSE_EQ|INE933B01012
Signatureglobal (India) Limited,SIGNATURE,NSE,India,,EQ,INE903U01023,NSE_EQ|INE903U01023
Signpost India Limited,SIGNPOST,NSE,India,,EQ,INE0KGZ01021,NSE_EQ|INE0KGZ01021
Sika Interplant Systems Limited,SIKA,NSE,India,,EQ,INE438E01032,NSE_EQ|INE438E01032
Sikko Industries Limited,SIKKO,NSE,India,,EQ,INE112X01025,NSE_EQ|INE112X01025
Standard Industries Limited,SIL,NSE,India,,EQ,INE173A01025,NSE_EQ|INE173A01025
Silgo Retail Limited,SILGO,NSE,India,,EQ,INE01II01013,NSE_EQ|INE01II01013
SIL Investments Limited,SILINV,NSE,India,,EQ,INE923A01015,NSE_EQ|INE923A01015
Silly Monks Entertainment Limited,SILLYMONKS,NSE,India,,EQ,INE203Y01012,NSE_EQ|INE203Y01012
Silver Touch Technologies Limited,SILVERTUC,NSE,India,,EQ,INE625X01026,NSE_EQ|INE625X01026
Simbhaoli Sugars Limited,SIMBHALS,NSE,India,,BZ,INE748T01016,NSE_EQ|INE748T01016
Simplex Infrastructures Limited,SIMPLEXINF,NSE,India,,EQ,INE059B01024,NSE_EQ|INE059B01024
Sinclairs Hotels Limited,SINCLAIR,NSE,India,,EQ,INE985A01022,NSE_EQ|INE985A01022
Sindhu Trade Links Limited,SINDHUTRAD,NSE,India,,EQ,INE325D01025,NSE_EQ|INE325D01025
Singer India Limited,SINGERIND,NSE,India,,EQ,INE638A01035,NSE_EQ|INE638A01035
Sintercom India Limited,SINTERCOM,NSE,India,,EQ,INE129Z01016,NSE_EQ|INE129Z01016
Sirca Paints India Limited,SIRCA,NSE,India,,EQ,INE792Z01011,NSE_EQ|INE792Z01011
SIS LIMITED,SIS,NSE,India,,EQ,INE285J01028,NSE_EQ|INE285J01028
Siti Networks Limited,SITINET,NSE,India,,BZ,INE965H01011,NSE_EQ|INE965H01011
Siyaram Silk Mills Limited,SIYSIL,NSE,India,,EQ,INE076B01028,NSE_EQ|INE076B01028
S.J.S. Enterprises Limited,SJS,NSE,India,,EQ,INE284S01014,NSE_EQ|INE284S01014
SJVN Limited,SJVN,NSE,India,,EQ,INE002L01015,NSE_EQ|INE002L01015
SKF India Limited,SKFINDIA,NSE,India,,EQ,INE640A01023,NSE_EQ|INE640A01023
SKF India (Industrial) Limited,SKFINDUS,NSE,India,,EQ,INE2J8701016,NSE_EQ|INE2J8701016
Skipper Limited,SKIPPER,NSE,India,,EQ,INE439E01022,NSE_EQ|INE439E01022
SKM Egg Products Export (India) Limited,SKMEGGPROD,NSE,India,,EQ,INE411D01023,NSE_EQ|INE411D01023
SKY GOLD AND DIAMONDS LIMITED,SKYGOLD,NSE,India,,EQ,INE01IU01018,NSE_EQ|INE01IU01018
Smartlink Holdings Limited,SMARTLINK,NSE,India,,BE,INE178C01020,NSE_EQ|INE178C01020
Smartworks Coworking Spaces Limited,SMARTWORKS,NSE,India,,EQ,INE0NAZ01010,NSE_EQ|INE0NAZ01010
SMC Global Securities Limited,SMCGLOBAL,NSE,India,,EQ,INE103C01036,NSE_EQ|INE103C01036
SML Mahindra Limited,SMLMAH,NSE,India,,EQ,INE294B01019,NSE_EQ|INE294B01019
Sarthak Metals Limited,SMLT,NSE,India,,EQ,INE017W01010,NSE_EQ|INE017W01010
SMS Pharmaceuticals Limited,SMSPHARMA,NSE,India,,EQ,INE812G01025,NSE_EQ|INE812G01025
Snowman Logistics Limited,SNOWMAN,NSE,India,,EQ,INE734N01019,NSE_EQ|INE734N01019
Sobha Limited,SOBHA,NSE,India,,EQ,INE671H01015,NSE_EQ|INE671H01015
Softtech Engineers Limited,SOFTTECH,NSE,India,,BE,INE728Z01015,NSE_EQ|INE728Z01015
Solara Active Pharma Sciences Limited,SOLARA,NSE,India,,EQ,INE624Z01016,NSE_EQ|INE624Z01016
Solar Industries India Limited,SOLARINDS,NSE,India,,EQ,INE343H01029,NSE_EQ|INE343H01029
Solarworld Energy Solutions Limited,SOLARWORLD,NSE,India,,EQ,INE0TY101024,NSE_EQ|INE0TY101024
Solex Energy Limited,SOLEX,NSE,India,,EQ,INE880Y01017,NSE_EQ|INE880Y01017
Somany Ceramics Limited,SOMANYCERA,NSE,India,,EQ,INE355A01028,NSE_EQ|INE355A01028
Soma Textiles & Industries Limited,SOMATEX,NSE,India,,EQ,INE314C01013,NSE_EQ|INE314C01013
Somi Conveyor Beltings Limited,SOMICONVEY,NSE,India,,EQ,INE323J01019,NSE_EQ|INE323J01019
Sona BLW Precision Forgings Limited,SONACOMS,NSE,India,,EQ,INE073K01018,NSE_EQ|INE073K01018
Sonal Mercantile Limited,SONAL,NSE,India,,EQ,INE321M01017,NSE_EQ|INE321M01017
SONAM LIMITED,SONAMLTD,NSE,India,,EQ,INE00LM01029,NSE_EQ|INE00LM01029
Sonata Software Limited,SONATSOFTW,NSE,India,,EQ,INE269A01021,NSE_EQ|INE269A01021
Savita Oil Technologies Limited,SOTL,NSE,India,,EQ,INE035D01020,NSE_EQ|INE035D01020
The South Indian Bank Limited,SOUTHBANK,NSE,India,,EQ,INE683A01023,NSE_EQ|INE683A01023
South West Pinnacle Exploration Limited,SOUTHWEST,NSE,India,,EQ,INE980Y01015,NSE_EQ|INE980Y01015
S. P. Apparels Limited,SPAL,NSE,India,,EQ,INE212I01016,NSE_EQ|INE212I01016
Spandana Sphoorty Financial Limited,SPANDANA,NSE,India,,EQ,INE572J01011,NSE_EQ|INE572J01011
Sun Pharma Advanced Research Company Limited,SPARC,NSE,India,,EQ,INE232I01014,NSE_EQ|INE232I01014
Spacenet Enterprises India Limited,SPCENET,NSE,India,,EQ,INE970N01027,NSE_EQ|INE970N01027
Speciality Restaurants Limited,SPECIALITY,NSE,India,,EQ,INE247M01014,NSE_EQ|INE247M01014
Spectrum Electrical Industries Limited,SPECTRUM,NSE,India,,EQ,INE01EO01010,NSE_EQ|INE01EO01010
Spencer's Retail Limited,SPENCERS,NSE,India,,EQ,INE020801028,NSE_EQ|INE020801028
Southern Petrochemicals Industries Corporation  Limited,SPIC,NSE,India,,EQ,INE147A01011,NSE_EQ|INE147A01011
SPL Industries Limited,SPLIL,NSE,India,,EQ,INE978G01016,NSE_EQ|INE978G01016
Supreme Petrochem Limited,SPLPETRO,NSE,India,,EQ,INE663A01033,NSE_EQ|INE663A01033
SPML Infra Limited,SPMLINFRA,NSE,India,,EQ,INE937A01023,NSE_EQ|INE937A01023
Sportking India Limited,SPORTKING,NSE,India,,EQ,INE885H01029,NSE_EQ|INE885H01029
Shankar Lal Rampal Dye-Chem Limited,SRD,NSE,India,,EQ,INE01NE01012,NSE_EQ|INE01NE01012
Sreeleathers Limited,SREEL,NSE,India,,EQ,INE099F01013,NSE_EQ|INE099F01013
SRF Limited,SRF,NSE,India,,EQ,INE647A01010,NSE_EQ|INE647A01010
SRG Housing Finance Limited,SRGHFL,NSE,India,,EQ,INE559N01010,NSE_EQ|INE559N01010
Sree Rayalaseema Hi-Strength Hypo Limited,SRHHYPOLTD,NSE,India,,EQ,INE917H01012,NSE_EQ|INE917H01012
SRM Contractors Limited,SRM,NSE,India,,EQ,INE0R6Z01013,NSE_EQ|INE0R6Z01013
Shree Ram Twistex Limited,SRTL,NSE,India,,EQ,INE19GK01015,NSE_EQ|INE19GK01015
Saraswati Saree Depot Limited,SSDL,NSE,India,,EQ,INE0PQ101010,NSE_EQ|INE0PQ101010
Steel Strips Wheels Limited,SSWL,NSE,India,,EQ,INE802C01033,NSE_EQ|INE802C01033
Stallion India Fluorochemicals Limited,STALLION,NSE,India,,EQ,INE0RYC01010,NSE_EQ|INE0RYC01010
Stanley Lifestyles Limited,STANLEY,NSE,India,,EQ,INE01A001028,NSE_EQ|INE01A001028
Strides Pharma Science Limited,STAR,NSE,India,,EQ,INE939A01011,NSE_EQ|INE939A01011
Star Cement Limited,STARCEMENT,NSE,India,,EQ,INE460H01021,NSE_EQ|INE460H01021
Star Health and Allied Insurance Company Limited,STARHEALTH,NSE,India,,EQ,INE575P01011,NSE_EQ|INE575P01011
Star Paper Mills Limited,STARPAPER,NSE,India,,EQ,INE733A01018,NSE_EQ|INE733A01018
Starteck Finance Limited,STARTECK,NSE,India,,EQ,INE992I01013,NSE_EQ|INE992I01013
The State Trading Corporation of India Limited,STCINDIA,NSE,India,,EQ,INE655A01013,NSE_EQ|INE655A01013
Steelcast Limited,STEELCAS,NSE,India,,EQ,INE124E01038,NSE_EQ|INE124E01038
Steel City Securities Limited,STEELCITY,NSE,India,,EQ,INE395H01011,NSE_EQ|INE395H01011
STEEL EXCHANGE INDIA LIMITED,STEELXIND,NSE,India,,EQ,INE503B01021,NSE_EQ|INE503B01021
Stel Holdings Limited,STEL,NSE,India,,EQ,INE577L01016,NSE_EQ|INE577L01016
Sterling Tools Limited,STERTOOLS,NSE,India,,BE,INE334A01023,NSE_EQ|INE334A01023
STL Networks Limited,STLNETWORK,NSE,India,,BE,INE1VXE01018,NSE_EQ|INE1VXE01018
Sterlite Technologies Limited,STLTECH,NSE,India,,BE,INE089C01029,NSE_EQ|INE089C01029
Stove Kraft Limited,STOVEKRAFT,NSE,India,,EQ,INE00IN01015,NSE_EQ|INE00IN01015
Studds Accessories Limited,STUDDS,NSE,India,,EQ,INE00Q601028,NSE_EQ|INE00Q601028
Seshaasai Technologies Limited,STYL,NSE,India,,EQ,INE04VU01023,NSE_EQ|INE04VU01023
Stylam Industries Limited,STYLAMIND,NSE,India,,EQ,INE239C01020,NSE_EQ|INE239C01020
Baazar Style Retail Limited,STYLEBAAZA,NSE,India,,BE,INE01FR01028,NSE_EQ|INE01FR01028
Styrenix Performance Materials Limited,STYRENIX,NSE,India,,EQ,INE189B01011,NSE_EQ|INE189B01011
Subex Limited,SUBEXLTD,NSE,India,,BE,INE754A01055,NSE_EQ|INE754A01055
Subros Limited,SUBROS,NSE,India,,EQ,INE287B01021,NSE_EQ|INE287B01021
Sudarshan Colorants India Limited,SUDARCOLOR,NSE,India,,EQ,INE492A01029,NSE_EQ|INE492A01029
Sudarshan Chemical Industries Limited,SUDARSCHEM,NSE,India,,EQ,INE659A01023,NSE_EQ|INE659A01023
Sudeep Pharma Limited,SUDEEPPHRM,NSE,India,,EQ,INE0QPI01025,NSE_EQ|INE0QPI01025
Sukhjit Starch & Chemicals Limited,SUKHJITS,NSE,India,,EQ,INE450E01029,NSE_EQ|INE450E01029
Sula Vineyards Limited,SULA,NSE,India,,EQ,INE142Q01026,NSE_EQ|INE142Q01026
Sumeet Industries Limited,SUMEETINDS,NSE,India,,EQ,INE235C01036,NSE_EQ|INE235C01036
Sumitomo Chemical India Limited,SUMICHEM,NSE,India,,EQ,INE258G01013,NSE_EQ|INE258G01013
Sumit Woods Limited,SUMIT,NSE,India,,EQ,INE748Z01013,NSE_EQ|INE748Z01013
Summit Securities Limited,SUMMITSEC,NSE,India,,EQ,INE519C01017,NSE_EQ|INE519C01017
Sundaram Clayton Limited,SUNCLAY,NSE,India,,EQ,INE0Q3R01026,NSE_EQ|INE0Q3R01026
Sundaram Multi Pap Limited,SUNDARAM,NSE,India,,EQ,INE108E01023,NSE_EQ|INE108E01023
Sundaram Finance Limited,SUNDARMFIN,NSE,India,,EQ,INE660A01013,NSE_EQ|INE660A01013
Sundaram Brake Linings Limited,SUNDRMBRAK,NSE,India,,BE,INE073D01013,NSE_EQ|INE073D01013
Sundram Fasteners Limited,SUNDRMFAST,NSE,India,,EQ,INE387A01021,NSE_EQ|INE387A01021
Sundrop Brands Limited,SUNDROP,NSE,India,,EQ,INE209A01019,NSE_EQ|INE209A01019
Sunflag Iron And Steel Company Limited,SUNFLAG,NSE,India,,EQ,INE947A01014,NSE_EQ|INE947A01014
Sun Pharmaceutical Industries Limited,SUNPHARMA,NSE,India,,EQ,INE044A01036,NSE_EQ|INE044A01036
Sunteck Realty Limited,SUNTECK,NSE,India,,EQ,INE805D01034,NSE_EQ|INE805D01034
Sun TV Network Limited,SUNTV,NSE,India,,EQ,INE424H01027,NSE_EQ|INE424H01027
Superhouse Limited,SUPERHOUSE,NSE,India,,EQ,INE712B01010,NSE_EQ|INE712B01010
Super Spinning Mills Limited,SUPERSPIN,NSE,India,,BE,INE662A01027,NSE_EQ|INE662A01027
Suprajit Engineering Limited,SUPRAJIT,NSE,India,,EQ,INE399C01030,NSE_EQ|INE399C01030
Supreme Holdings & Hospitality (India) Limited,SUPREME,NSE,India,,EQ,INE822E01011,NSE_EQ|INE822E01011
Supreme Engineering Limited,SUPREMEENG,NSE,India,,BZ,INE319Z01021,NSE_EQ|INE319Z01021
Supreme Industries Limited,SUPREMEIND,NSE,India,,EQ,INE195A01028,NSE_EQ|INE195A01028
Supreme Infrastructure India Limited,SUPREMEINF,NSE,India,,EQ,INE550H01011,NSE_EQ|INE550H01011
Supriya Lifescience Limited,SUPRIYA,NSE,India,,EQ,INE07RO01027,NSE_EQ|INE07RO01027
Suraj Estate Developers Limited,SURAJEST,NSE,India,,EQ,INE843S01025,NSE_EQ|INE843S01025
Suraj Limited,SURAJLTD,NSE,India,,EQ,INE713C01016,NSE_EQ|INE713C01016
Suraksha Diagnostic Limited,SURAKSHA,NSE,India,,EQ,INE877V01027,NSE_EQ|INE877V01027
Surana Solar Limited,SURANASOL,NSE,India,,EQ,INE272L01022,NSE_EQ|INE272L01022
Surana Telecom and Power Limited,SURANAT&P,NSE,India,,EQ,INE130B01031,NSE_EQ|INE130B01031
Suryalata Spinning Mills Limited,SURYALA,NSE,India,,EQ,INE132C01027,NSE_EQ|INE132C01027
Suryalakshmi Cotton Mills Limited,SURYALAXMI,NSE,India,,EQ,INE713B01026,NSE_EQ|INE713B01026
Surya Roshni Limited,SURYAROSNI,NSE,India,,EQ,INE335A01020,NSE_EQ|INE335A01020
Suryoday Small Finance Bank Limited,SURYODAY,NSE,India,,EQ,INE428Q01011,NSE_EQ|INE428Q01011
Sutlej Textiles and Industries Limited,SUTLEJTEX,NSE,India,,BE,INE645H01027,NSE_EQ|INE645H01027
Suven Life Sciences Limited,SUVEN,NSE,India,,EQ,INE495B01038,NSE_EQ|INE495B01038
Suvidhaa Infoserve Limited,SUVIDHAA,NSE,India,,EQ,INE018401013,NSE_EQ|INE018401013
Suyog Telematics Limited,SUYOG,NSE,India,,EQ,INE442P01014,NSE_EQ|INE442P01014
Suzlon Energy Limited,SUZLON,NSE,India,,EQ,INE040H01021,NSE_EQ|INE040H01021
Shree Vasu Logistics Limited,SVLL,NSE,India,,BE,INE00CE01017,NSE_EQ|INE00CE01017
SVP GLOBAL TEXTILES LIMITED,SVPGLOB,NSE,India,,BE,INE308E01029,NSE_EQ|INE308E01029
SWAN CORP LIMITED,SWANCORP,NSE,India,,EQ,INE665A01038,NSE_EQ|INE665A01038
Swan Defence and Heavy Industries Limited,SWANDEF,NSE,India,,BE,INE542F01020,NSE_EQ|INE542F01020
Swaraj Engines Limited,SWARAJENG,NSE,India,,EQ,INE277A01016,NSE_EQ|INE277A01016
Swelect Energy Systems Limited,SWELECTES,NSE,India,,EQ,INE409B01013,NSE_EQ|INE409B01013
Swiggy Limited,SWIGGY,NSE,India,,EQ,INE00H001014,NSE_EQ|INE00H001014
Sterling and Wilson Renewable Energy Limited,SWSOLAR,NSE,India,,EQ,INE00M201021,NSE_EQ|INE00M201021
Symphony Limited,SYMPHONY,NSE,India,,EQ,INE225D01027,NSE_EQ|INE225D01027
Syncom Formulations (India) Limited,SYNCOMF,NSE,India,,EQ,INE312C01025,NSE_EQ|INE312C01025
Syngene International Limited,SYNGENE,NSE,India,,EQ,INE398R01022,NSE_EQ|INE398R01022
Syrma SGS Technology Limited,SYRMA,NSE,India,,EQ,INE0DYJ01015,NSE_EQ|INE0DYJ01015
Systematix Corporate Services Limited,SYSTMTXC,NSE,India,,BE,INE356B01024,NSE_EQ|INE356B01024
Taal Tech Limited,TAALTECH,NSE,India,,EQ,INE524T01011,NSE_EQ|INE524T01011
Tainwala Chemical and Plastic (I) Limited,TAINWALCHM,NSE,India,,EQ,INE123C01018,NSE_EQ|INE123C01018
Taj GVK Hotels & Resorts Limited,TAJGVK,NSE,India,,EQ,INE586B01026,NSE_EQ|INE586B01026
Take Solutions Limited,TAKE,NSE,India,,EQ,INE142I01023,NSE_EQ|INE142I01023
Talbros Automotive Components Limited,TALBROAUTO,NSE,India,,EQ,INE187D01029,NSE_EQ|INE187D01029
Tamboli Industries Limited,TAMBOLIIN,NSE,India,,BE,INE864J01012,NSE_EQ|INE864J01012
Tanla Platforms Limited,TANLA,NSE,India,,EQ,INE483C01032,NSE_EQ|INE483C01032
Tara Chand InfraLogistic Solutions Limited,TARACHAND,NSE,India,,EQ,INE555Z01020,NSE_EQ|INE555Z01020
Tarapur Transformers Limited,TARAPUR,NSE,India,,EQ,INE747K01017,NSE_EQ|INE747K01017
TARC Limited,TARC,NSE,India,,EQ,INE0EK901012,NSE_EQ|INE0EK901012
Transformers And Rectifiers (India) Limited,TARIL,NSE,India,,EQ,INE763I01026,NSE_EQ|INE763I01026
Tarmat Limited,TARMAT,NSE,India,,EQ,INE924H01018,NSE_EQ|INE924H01018
Tarsons Products Limited,TARSONS,NSE,India,,EQ,INE144Z01023,NSE_EQ|INE144Z01023
Tasty Bite Eatables Limited,TASTYBITE,NSE,India,,EQ,INE488B01017,NSE_EQ|INE488B01017
Tata Capital Limited,TATACAP,NSE,India,,EQ,INE976I01016,NSE_EQ|INE976I01016
Tata Chemicals Limited,TATACHEM,NSE,India,,EQ,INE092A01019,NSE_EQ|INE092A01019
Tata Communications Limited,TATACOMM,NSE,India,,EQ,INE151A01013,NSE_EQ|INE151A01013
TATA CONSUMER PRODUCTS LIMITED,TATACONSUM,NSE,India,,EQ,INE192A01025,NSE_EQ|INE192A01025
Tata Elxsi Limited,TATAELXSI,NSE,India,,EQ,INE670A01012,NSE_EQ|INE670A01012
Tata Investment Corporation Limited,TATAINVEST,NSE,India,,EQ,INE672A01026,NSE_EQ|INE672A01026
Tata Power Company Limited,TATAPOWER,NSE,India,,EQ,INE245A01021,NSE_EQ|INE245A01021
Tata Steel Limited,TATASTEEL,NSE,India,,EQ,INE081A01020,NSE_EQ|INE081A01020
Tata Technologies Limited,TATATECH,NSE,India,,EQ,INE142M01025,NSE_EQ|INE142M01025
Tatva Chintan Pharma Chem Limited,TATVA,NSE,India,,EQ,INE0GK401011,NSE_EQ|INE0GK401011
TBO Tek Limited,TBOTEK,NSE,India,,EQ,INE673O01025,NSE_EQ|INE673O01025
Tribhovandas Bhimji Zaveri Limited,TBZ,NSE,India,,EQ,INE760L01018,NSE_EQ|INE760L01018
TCC Concept Limited,TCC,NSE,India,,EQ,INE887D01016,NSE_EQ|INE887D01016
Transport Corporation of India Limited,TCI,NSE,India,,EQ,INE688A01022,NSE_EQ|INE688A01022
TCI Express Limited,TCIEXP,NSE,India,,EQ,INE586V01016,NSE_EQ|INE586V01016
TCI Finance Limited,TCIFINANCE,NSE,India,,BE,INE911B01018,NSE_EQ|INE911B01018
TCPL Packaging Limited,TCPLPACK,NSE,India,,EQ,INE822C01015,NSE_EQ|INE822C01015
Tata Consultancy Services Limited,TCS,NSE,India,,EQ,INE467B01029,NSE_EQ|INE467B01029
TD Power Systems Limited,TDPOWERSYS,NSE,India,,EQ,INE419M01027,NSE_EQ|INE419M01027
Team India Guaranty Limited,TEAMGTY,NSE,India,,EQ,INE289C01025,NSE_EQ|INE289C01025
Teamlease Services Limited,TEAMLEASE,NSE,India,,EQ,INE985S01024,NSE_EQ|INE985S01024
Tech Mahindra Limited,TECHM,NSE,India,,EQ,INE669C01036,NSE_EQ|INE669C01036
Techno Electric & Engineering Company Limited,TECHNOE,NSE,India,,EQ,INE285K01026,NSE_EQ|INE285K01026
TechNVision Ventures Limited,TECHNVISN,NSE,India,,EQ,INE314H01012,NSE_EQ|INE314H01012
TECIL Chemicals and Hydro Power Limited,TECILCHEM,NSE,India,,EQ,INE014B01011,NSE_EQ|INE014B01011
Tega Industries Limited,TEGA,NSE,India,,EQ,INE011K01018,NSE_EQ|INE011K01018
Tejas Networks Limited,TEJASNET,NSE,India,,EQ,INE010J01012,NSE_EQ|INE010J01012
Tembo Global Industries Limited,TEMBO,NSE,India,,EQ,INE869Y01028,NSE_EQ|INE869Y01028
Tenneco Clean Air India Limited,TENNIND,NSE,India,,EQ,INE19RI01016,NSE_EQ|INE19RI01016
Tera Software Limited,TERASOFT,NSE,India,,EQ,INE482B01010,NSE_EQ|INE482B01010
Texmaco Infrastructure & Holdings Limited,TEXINFRA,NSE,India,,EQ,INE435C01024,NSE_EQ|INE435C01024
Texmo Pipes and Products Limited,TEXMOPIPES,NSE,India,,EQ,INE141K01013,NSE_EQ|INE141K01013
Texmaco Rail & Engineering Limited,TEXRAIL,NSE,India,,EQ,INE621L01012,NSE_EQ|INE621L01012
Tourism Finance Corporation of India Limited,TFCILTD,NSE,India,,EQ,INE305A01023,NSE_EQ|INE305A01023
Transwarranty Finance Limited,TFL,NSE,India,,EQ,INE804H01012,NSE_EQ|INE804H01012
TGB Banquets And Hotels Limited,TGBHOTELS,NSE,India,,EQ,INE797H01018,NSE_EQ|INE797H01018
Thacker & Company Limited,THACKER,NSE,India,,BE,INE077P01034,NSE_EQ|INE077P01034
Thakkers Developers Limited,THAKDEV,NSE,India,,EQ,INE403F01017,NSE_EQ|INE403F01017
Thangamayil Jewellery Limited,THANGAMAYL,NSE,India,,EQ,INE085J01014,NSE_EQ|INE085J01014
The Investment Trust Of India Limited,THEINVEST,NSE,India,,EQ,INE924D01017,NSE_EQ|INE924D01017
Thejo Engineering Limited,THEJO,NSE,India,,EQ,INE121N01019,NSE_EQ|INE121N01019
Leela Palaces Hotels & Resorts Limited,THELEELA,NSE,India,,EQ,INE0AQ201015,NSE_EQ|INE0AQ201015
Themis Medicare Limited,THEMISMED,NSE,India,,EQ,INE083B01024,NSE_EQ|INE083B01024
Thermax Limited,THERMAX,NSE,India,,EQ,INE152A01029,NSE_EQ|INE152A01029
Thomas Cook  (India)  Limited,THOMASCOOK,NSE,India,,EQ,INE332A01027,NSE_EQ|INE332A01027
Thomas Scott (India) Limited,THOMASCOTT,NSE,India,,EQ,INE480M01011,NSE_EQ|INE480M01011
Thyrocare Technologies Limited,THYROCARE,NSE,India,,EQ,INE594H01019,NSE_EQ|INE594H01019
Tilaknagar Industries Limited,TI,NSE,India,,EQ,INE133E01013,NSE_EQ|INE133E01013
Twamev Construction and Infrastructure Limited,TICL,NSE,India,,BE,INE388G01026,NSE_EQ|INE388G01026
Tiger Logistics (India) Limited,TIGERLOGS,NSE,India,,BE,INE906O01029,NSE_EQ|INE906O01029
Technocraft Industries (India) Limited,TIIL,NSE,India,,EQ,INE545H01011,NSE_EQ|INE545H01011
Tube Investments of India Limited,TIINDIA,NSE,India,,EQ,INE974X01010,NSE_EQ|INE974X01010
Tijaria Polypipes Limited,TIJARIA,NSE,India,,EQ,INE440L01017,NSE_EQ|INE440L01017
TIL Limited,TIL,NSE,India,,EQ,INE806C01018,NSE_EQ|INE806C01018
Time Technoplast Limited,TIMETECHNO,NSE,India,,EQ,INE508G01029,NSE_EQ|INE508G01029
Timex Group India Limited,TIMEX,NSE,India,,EQ,INE064A01026,NSE_EQ|INE064A01026
Timken India Limited,TIMKEN,NSE,India,,EQ,INE325A01013,NSE_EQ|INE325A01013
Tinna Rubber and Infrastructure Limited,TINNARUBR,NSE,India,,EQ,INE015C01016,NSE_EQ|INE015C01016
Tips Films Limited,TIPSFILMS,NSE,India,,EQ,INE0LQS01015,NSE_EQ|INE0LQS01015
Tips Music Limited,TIPSMUSIC,NSE,India,,EQ,INE716B01029,NSE_EQ|INE716B01029
Thirumalai Chemicals Limited,TIRUMALCHM,NSE,India,,EQ,INE338A01024,NSE_EQ|INE338A01024
Tirupati Forge Limited,TIRUPATIFL,NSE,India,,BE,INE319Y01024,NSE_EQ|INE319Y01024
TITAGARH RAIL SYSTEMS LIMITED,TITAGARH,NSE,India,,EQ,INE615H01020,NSE_EQ|INE615H01020
Titan Company Limited,TITAN,NSE,India,,EQ,INE280A01028,NSE_EQ|INE280A01028
Tamilnad Mercantile Bank Limited,TMB,NSE,India,,EQ,INE668A01016,NSE_EQ|INE668A01016
Tata Motors Limited,TMCV,NSE,India,,EQ,INE1TAE01010,NSE_EQ|INE1TAE01010
Tata Motors Passenger Vehicles Limited,TMPV,NSE,India,,EQ,INE155A01022,NSE_EQ|INE155A01022
Tamilnadu PetroProducts Limited,TNPETRO,NSE,India,,EQ,INE148A01019,NSE_EQ|INE148A01019
Tamil Nadu Newsprint & Papers Limited,TNPL,NSE,India,,EQ,INE107A01015,NSE_EQ|INE107A01015
Tamilnadu Telecommunication Limited,TNTELE,NSE,India,,EQ,INE141D01018,NSE_EQ|INE141D01018
Tokyo Plast International Limited,TOKYOPLAST,NSE,India,,BE,INE932C01012,NSE_EQ|INE932C01012
Tolins Tyres Limited,TOLINS,NSE,India,,EQ,INE0RWQ01014,NSE_EQ|INE0RWQ01014
Torrent Pharmaceuticals Limited,TORNTPHARM,NSE,India,,EQ,INE685A01028,NSE_EQ|INE685A01028
Torrent Power Limited,TORNTPOWER,NSE,India,,EQ,INE813H01021,NSE_EQ|INE813H01021
Total Transport Systems Limited,TOTAL,NSE,India,,EQ,INE336X01012,NSE_EQ|INE336X01012
Touchwood Entertainment Limited,TOUCHWOOD,NSE,India,,EQ,INE486Y01013,NSE_EQ|INE486Y01013
Teamo Productions HQ Limited,TPHQ,NSE,India,,EQ,INE065J01024,NSE_EQ|INE065J01024
TPL Plastech Limited,TPLPLASTEH,NSE,India,,EQ,INE413G01022,NSE_EQ|INE413G01022
Tracxn Technologies Limited,TRACXN,NSE,India,,EQ,INE0HMF01019,NSE_EQ|INE0HMF01019
Transpek Industry Limited,TRANSPEK,NSE,India,,EQ,INE687A01016,NSE_EQ|INE687A01016
Transrail Lighting Limited,TRANSRAILL,NSE,India,,EQ,INE454P01035,NSE_EQ|INE454P01035
TRANSWORLD SHIPPING LINES LIMITED,TRANSWORLD,NSE,India,,BE,INE757B01015,NSE_EQ|INE757B01015
Travel Food Services Limited,TRAVELFOOD,NSE,India,,EQ,INE103V01028,NSE_EQ|INE103V01028
Tree House Education & Accessories Limited,TREEHOUSE,NSE,India,,EQ,INE040M01013,NSE_EQ|INE040M01013
TREJHARA SOLUTIONS LIMITED,TREJHARA,NSE,India,,EQ,INE00CA01015,NSE_EQ|INE00CA01015
Transindia Real Estate Limited,TREL,NSE,India,,EQ,INE0O3901029,NSE_EQ|INE0O3901029
Trent Limited,TRENT,NSE,India,,EQ,INE849A01020,NSE_EQ|INE849A01020
TRF Limited,TRF,NSE,India,,EQ,INE391D01019,NSE_EQ|INE391D01019
Trident Limited,TRIDENT,NSE,India,,EQ,INE064C01022,NSE_EQ|INE064C01022
Trigyn Technologies Limited,TRIGYN,NSE,India,,EQ,INE948A01012,NSE_EQ|INE948A01012
Triveni Turbine Limited,TRITURBINE,NSE,India,,EQ,INE152M01016,NSE_EQ|INE152M01016
Triveni Engineering & Industries Limited,TRIVENI,NSE,India,,EQ,INE256C01024,NSE_EQ|INE256C01024
TruCap Finance Limited,TRU,NSE,India,,EQ,INE615R01029,NSE_EQ|INE615R01029
TruAlt Bioenergy Limited,TRUALT,NSE,India,,EQ,INE0MWH01014,NSE_EQ|INE0MWH01014
TSF INVESTMENTS LIMITED,TSFINV,NSE,India,,EQ,INE202Z01029,NSE_EQ|INE202Z01029
TTK Healthcare Limited,TTKHLTCARE,NSE,India,,EQ,INE910C01018,NSE_EQ|INE910C01018
TTK Prestige Limited,TTKPRESTIG,NSE,India,,EQ,INE690A01028,NSE_EQ|INE690A01028
T T Limited,TTL,NSE,India,,EQ,INE592B01024,NSE_EQ|INE592B01024
Tata Teleservices (Maharashtra) Limited,TTML,NSE,India,,EQ,INE517B01013,NSE_EQ|INE517B01013
Turtlemint Fintech Solutions Limited,TURTLEMINT,NSE,India,,EQ,INE0OC301013,NSE_EQ|INE0OC301013
TVS Electronics Limited,TVSELECT,NSE,India,,EQ,INE236G01019,NSE_EQ|INE236G01019
TVS Holdings Limited,TVSHLTD,NSE,India,,EQ,INE105A01035,NSE_EQ|INE105A01035
TVS Motor Company Limited,TVSMOTOR,NSE,India,,EQ,INE494B01023,NSE_EQ|INE494B01023
TVS Supply Chain Solutions Limited,TVSSCS,NSE,India,,EQ,INE395N01027,NSE_EQ|INE395N01027
TVS Srichakra Limited,TVSSRICHAK,NSE,India,,EQ,INE421C01016,NSE_EQ|INE421C01016
TV Today Network Limited,TVTODAY,NSE,India,,EQ,INE038F01029,NSE_EQ|INE038F01029
TV Vision Limited,TVVISION,NSE,India,,BE,INE871L01013,NSE_EQ|INE871L01013
United Breweries Limited,UBL,NSE,India,,EQ,INE686F01025,NSE_EQ|INE686F01025
UCAL LIMITED,UCAL,NSE,India,,EQ,INE139B01016,NSE_EQ|INE139B01016
UCO Bank,UCOBANK,NSE,India,,EQ,INE691A01018,NSE_EQ|INE691A01018
Updater Services Limited,UDS,NSE,India,,EQ,INE851I01011,NSE_EQ|INE851I01011
Ujaas Energy Limited,UEL,NSE,India,,EQ,INE899L01030,NSE_EQ|INE899L01030
United Foodbrands Limited,UFBL,NSE,India,,EQ,INE382M01027,NSE_EQ|INE382M01027
UFLEX Limited,UFLEX,NSE,India,,EQ,INE516A01017,NSE_EQ|INE516A01017
UFO Moviez India Limited,UFO,NSE,India,,EQ,INE527H01019,NSE_EQ|INE527H01019
The Ugar Sugar Works Limited,UGARSUGAR,NSE,India,,EQ,INE071E01023,NSE_EQ|INE071E01023
Ugro Capital Limited,UGROCAP,NSE,India,,EQ,INE583D01011,NSE_EQ|INE583D01011
Ujjivan Small Finance Bank Limited,UJJIVANSFB,NSE,India,,EQ,INE551W01018,NSE_EQ|INE551W01018
UltraTech Cement Limited,ULTRACEMCO,NSE,India,,EQ,INE481G01011,NSE_EQ|INE481G01011
Ultramarine & Pigments Limited,ULTRAMAR,NSE,India,,EQ,INE405A01021,NSE_EQ|INE405A01021
Uma Exports Limited,UMAEXPORTS,NSE,India,,BE,INE0GIU01018,NSE_EQ|INE0GIU01018
Usha Martin Education & Solutions Limited,UMESLTD,NSE,India,,EQ,INE240C01028,NSE_EQ|INE240C01028
UMIYA BUILDCON LIMITED,UMIYA-MRO,NSE,India,,EQ,INE398B01018,NSE_EQ|INE398B01018
Unichem Laboratories Limited,UNICHEMLAB,NSE,India,,EQ,INE351A01035,NSE_EQ|INE351A01035
United Drilling Tools Limited,UNIDT,NSE,India,,BE,INE961D01019,NSE_EQ|INE961D01019
Unicommerce Esolutions Limited,UNIECOM,NSE,India,,EQ,INE00U401027,NSE_EQ|INE00U401027
Uniphos Enterprises Limited,UNIENTER,NSE,India,,EQ,INE037A01022,NSE_EQ|INE037A01022
Uniinfo Telecom Services Limited,UNIINFO,NSE,India,,BE,INE481Z01011,NSE_EQ|INE481Z01011
Unimech Aerospace and Manufacturing Limited,UNIMECH,NSE,India,,EQ,INE0U3I01011,NSE_EQ|INE0U3I01011
Union Bank of India,UNIONBANK,NSE,India,,EQ,INE692A01016,NSE_EQ|INE692A01016
Uniparts India Limited,UNIPARTS,NSE,India,,EQ,INE244O01017,NSE_EQ|INE244O01017
United Spirits Limited,UNITDSPR,NSE,India,,EQ,INE854D01024,NSE_EQ|INE854D01024
Unitech Limited,UNITECH,NSE,India,,EQ,INE694A01020,NSE_EQ|INE694A01020
United Polyfab Gujarat Limited,UNITEDPOLY,NSE,India,,BE,INE368U01029,NSE_EQ|INE368U01029
The United Nilgiri Tea Estates Company Limited,UNITEDTEA,NSE,India,,EQ,INE458F01011,NSE_EQ|INE458F01011
Univastu India Limited,UNIVASTU,NSE,India,,BE,INE562X01013,NSE_EQ|INE562X01013
Universal Cables Limited,UNIVCABLES,NSE,India,,EQ,INE279A01012,NSE_EQ|INE279A01012
Universus Photo Imagings Limited,UNIVPHOTO,NSE,India,,BE,INE03V001013,NSE_EQ|INE03V001013
UNO Minda Limited,UNOMINDA,NSE,India,,EQ,INE405E01023,NSE_EQ|INE405E01023
UPL Limited,UPL,NSE,India,,EQ,INE628A01036,NSE_EQ|INE628A01036
Uravi Defence and Technology Limited,URAVIDEF,NSE,India,,BE,INE568Z01015,NSE_EQ|INE568Z01015
Urban Company Limited,URBANCO,NSE,India,,EQ,INE0CAZ01013,NSE_EQ|INE0CAZ01013
Urja Global Limited,URJA,NSE,India,,EQ,INE550C01020,NSE_EQ|INE550C01020
Usha Martin Limited,USHAMART,NSE,India,,EQ,INE228A01035,NSE_EQ|INE228A01035
Udayshivakumar Infra Limited,USK,NSE,India,,EQ,INE0N0Y01013,NSE_EQ|INE0N0Y01013
UTI Asset Management Company Limited,UTIAMC,NSE,India,,EQ,INE094J01016,NSE_EQ|INE094J01016
Utkarsh Small Finance Bank Limited,UTKARSHBNK,NSE,India,,EQ,INE735W01017,NSE_EQ|INE735W01017
Fujiyama Power Systems Limited,UTLSOLAR,NSE,India,,EQ,INE12UR01024,NSE_EQ|INE12UR01024
Uttam Sugar Mills Limited,UTTAMSUGAR,NSE,India,,EQ,INE786F01031,NSE_EQ|INE786F01031
U. Y. Fincorp Limited,UYFINCORP,NSE,India,,EQ,INE152C01025,NSE_EQ|INE152C01025
V2 Retail Limited,V2RETAIL,NSE,India,,EQ,INE945H01021,NSE_EQ|INE945H01021
Vadilal Industries Limited,VADILALIND,NSE,India,,EQ,INE694D01016,NSE_EQ|INE694D01016
Vaibhav Global Limited,VAIBHAVGBL,NSE,India,,EQ,INE884A01027,NSE_EQ|INE884A01027
Vaishali Pharma Limited,VAISHALI,NSE,India,,EQ,INE972X01022,NSE_EQ|INE972X01022
Vakrangee Limited,VAKRANGEE,NSE,India,,EQ,INE051B01021,NSE_EQ|INE051B01021
Valiant Laboratories Limited,VALIANTLAB,NSE,India,,BE,INE0JWS01017,NSE_EQ|INE0JWS01017
Valiant Organics Limited,VALIANTORG,NSE,India,,BE,INE565V01010,NSE_EQ|INE565V01010
Vedanta Aluminium Metal Limited,VAML,NSE,India,,EQ,INE1CDF01017,NSE_EQ|INE1CDF01017
Vardhman Acrylics Limited,VARDHACRLC,NSE,India,,BE,INE116G01013,NSE_EQ|INE116G01013
Vardhman Polytex Limited,VARDMNPOLY,NSE,India,,EQ,INE835A01029,NSE_EQ|INE835A01029
Varroc Engineering Limited,VARROC,NSE,India,,EQ,INE665L01035,NSE_EQ|INE665L01035
Vascon Engineers Limited,VASCONEQ,NSE,India,,BE,INE893I01013,NSE_EQ|INE893I01013
Vaswani Industries Limited,VASWANI,NSE,India,,EQ,INE590L01019,NSE_EQ|INE590L01019
Varun Beverages Limited,VBL,NSE,India,,EQ,INE200M01039,NSE_EQ|INE200M01039
Vaxtex Cotfab Limited,VCL,NSE,India,,EQ,INE098201036,NSE_EQ|INE098201036
Vedanta Limited,VEDL,NSE,India,,EQ,INE205A01025,NSE_EQ|INE205A01025
Vedanta Power Limited,VEDPOWER,NSE,India,,EQ,INE694L01019,NSE_EQ|INE694L01019
Veedol Corporation Limited,VEEDOL,NSE,India,,EQ,INE484C01030,NSE_EQ|INE484C01030
Veljan Denison Limited,VELJAN,NSE,India,,BE,INE232E01013,NSE_EQ|INE232E01013
Venky's (India) Limited,VENKEYS,NSE,India,,EQ,INE398A01010,NSE_EQ|INE398A01010
Ventive Hospitality Limited,VENTIVE,NSE,India,,EQ,INE781S01027,NSE_EQ|INE781S01027
Venus Pipes & Tubes Limited,VENUSPIPES,NSE,India,,EQ,INE0JA001018,NSE_EQ|INE0JA001018
Venus Remedies Limited,VENUSREM,NSE,India,,BE,INE411B01019,NSE_EQ|INE411B01019
Veranda Learning Solutions Limited,VERANDA,NSE,India,,EQ,INE0IQ001011,NSE_EQ|INE0IQ001011
Vertoz Limited,VERTOZ,NSE,India,,BE,INE188Y01031,NSE_EQ|INE188Y01031
Vesuvius India Limited,VESUVIUS,NSE,India,,EQ,INE386A01023,NSE_EQ|INE386A01023
Veto Switchgears And Cables Limited,VETO,NSE,India,,BE,INE918N01018,NSE_EQ|INE918N01018
VARVEE GLOBAL LIMITED,VGL,NSE,India,,EQ,INE273D01027,NSE_EQ|INE273D01027
V-Guard Industries Limited,VGUARD,NSE,India,,EQ,INE951I01027,NSE_EQ|INE951I01027
Vardhman Holdings Limited,VHL,NSE,India,,EQ,INE701A01023,NSE_EQ|INE701A01023
Viceroy Hotels Limited,VHLTD,NSE,India,,BE,INE048C01025,NSE_EQ|INE048C01025
Vidhi Specialty Food Ingredients Limited,VIDHIING,NSE,India,,EQ,INE632C01026,NSE_EQ|INE632C01026
Vidya Wires Limited,VIDYAWIRES,NSE,India,,EQ,INE14UN01029,NSE_EQ|INE14UN01029
Vijaya Diagnostic Centre Limited,VIJAYA,NSE,India,,EQ,INE043W01024,NSE_EQ|INE043W01024
Viji Finance Limited,VIJIFIN,NSE,India,,BE,INE159N01027,NSE_EQ|INE159N01027
Vikas EcoTech Limited,VIKASECO,NSE,India,,EQ,INE806A01020,NSE_EQ|INE806A01020
Vikas Lifecare Limited,VIKASLIFE,NSE,India,,EQ,INE161L01027,NSE_EQ|INE161L01027
Vikram Solar Limited,VIKRAMSOLR,NSE,India,,EQ,INE078V01014,NSE_EQ|INE078V01014
Vikran Engineering Limited,VIKRAN,NSE,India,,EQ,INE01R501028,NSE_EQ|INE01R501028
Vimta Labs Limited,VIMTALABS,NSE,India,,EQ,INE579C01029,NSE_EQ|INE579C01029
Vinati Organics Limited,VINATIORGA,NSE,India,,EQ,INE410B01037,NSE_EQ|INE410B01037
Vintage Coffee And Beverages Limited,VINCOFE,NSE,India,,EQ,INE498Q01014,NSE_EQ|INE498Q01014
Vindhya Telelinks Limited,VINDHYATEL,NSE,India,,EQ,INE707A01012,NSE_EQ|INE707A01012
Vineet Laboratories Limited,VINEETLAB,NSE,India,,BE,INE505Y01010,NSE_EQ|INE505Y01010
Vinny Overseas Limited,VINNY,NSE,India,,EQ,INE01KI01027,NSE_EQ|INE01KI01027
Vinyl Chemicals (India) Limited,VINYLINDIA,NSE,India,,EQ,INE250B01029,NSE_EQ|INE250B01029
VIP Clothing Limited,VIPCLOTHNG,NSE,India,,BE,INE450G01024,NSE_EQ|INE450G01024
VIP Industries Limited,VIPIND,NSE,India,,EQ,INE054A01027,NSE_EQ|INE054A01027
Vipul Limited,VIPULLTD,NSE,India,,BE,INE946H01037,NSE_EQ|INE946H01037
Virinchi Limited,VIRINCHI,NSE,India,,EQ,INE539B01017,NSE_EQ|INE539B01017
VISA Chrome Limited,VISACHROME,NSE,India,,BE,INE286H01012,NSE_EQ|INE286H01012
Visaka Industries Limited,VISAKAIND,NSE,India,,EQ,INE392A01021,NSE_EQ|INE392A01021
Vishnu Chemicals Limited,VISHNU,NSE,India,,EQ,INE270I01022,NSE_EQ|INE270I01022
Vishwaraj Sugar Industries Limited,VISHWARAJ,NSE,India,,EQ,INE430N01022,NSE_EQ|INE430N01022
Vedanta Iron and Steel Limited,VISL,NSE,India,,EQ,INE1CLE01013,NSE_EQ|INE1CLE01013
Vital Chemtech Limited,VITAL,NSE,India,,BE,INE0L4K01016,NSE_EQ|INE0L4K01016
Viviana Power Tech Limited,VIVIANA,NSE,India,,BE,INE0MEG01014,NSE_EQ|INE0MEG01014
Visagar Polytex Limited,VIVIDHA,NSE,India,,EQ,INE370E01029,NSE_EQ|INE370E01029
Vivimed Labs Limited,VIVIMEDLAB,NSE,India,,BE,INE526G01021,NSE_EQ|INE526G01021
Viyash Scientific Limited,VIYASH,NSE,India,,EQ,INE807F01027,NSE_EQ|INE807F01027
VL E-Governance & IT Solutions Limited,VLEGOV,NSE,India,,BE,INE03HW01020,NSE_EQ|INE03HW01020
VLS Finance Limited,VLSFINANCE,NSE,India,,EQ,INE709A01018,NSE_EQ|INE709A01018
V-Mart Retail Limited,VMART,NSE,India,,EQ,INE665J01013,NSE_EQ|INE665J01013
Vishal Mega Mart Limited,VMM,NSE,India,,EQ,INE01EA01019,NSE_EQ|INE01EA01019
VMS TMT Limited,VMSTMT,NSE,India,,BE,INE0SJA01013,NSE_EQ|INE0SJA01013
Virtuoso Optoelectronics Limited,VOEPL,NSE,India,,EQ,INE0I0T01010,NSE_EQ|INE0I0T01010
Vedanta Oil and Gas Limited,VOGL,NSE,India,,EQ,INE704J01044,NSE_EQ|INE704J01044
Voltamp Transformers Limited,VOLTAMP,NSE,India,,EQ,INE540H01012,NSE_EQ|INE540H01012
Voltas Limited,VOLTAS,NSE,India,,EQ,INE226A01021,NSE_EQ|INE226A01021
Vishnu Prakash R Punglia Limited,VPRPL,NSE,India,,BE,INE0AE001013,NSE_EQ|INE0AE001013
Vraj Iron and Steel Limited,VRAJ,NSE,India,,EQ,INE0S2V01010,NSE_EQ|INE0S2V01010
VRL Logistics Limited,VRLLOG,NSE,India,,EQ,INE366I01010,NSE_EQ|INE366I01010
Vardhman Special Steels Limited,VSSL,NSE,India,,EQ,INE050M01012,NSE_EQ|INE050M01012
VST Industries Limited,VSTIND,NSE,India,,EQ,INE710A01016,NSE_EQ|INE710A01016
Vibhor Steel Tubes Limited,VSTL,NSE,India,,EQ,INE0QTF01015,NSE_EQ|INE0QTF01015
V.S.T Tillers Tractors Limited,VSTTILLERS,NSE,India,,EQ,INE764D01017,NSE_EQ|INE764D01017
Vardhman Textiles Limited,VTL,NSE,India,,EQ,INE825A01020,NSE_EQ|INE825A01020
Waaree Energies Limited,WAAREEENER,NSE,India,,EQ,INE377N01017,NSE_EQ|INE377N01017
Indosolar Limited,WAAREEINDO,NSE,India,,EQ,INE866K01023,NSE_EQ|INE866K01023
Waaree Renewable Technologies Limited,WAAREERTL,NSE,India,,EQ,INE299N01021,NSE_EQ|INE299N01021
VA Tech Wabag Limited,WABAG,NSE,India,,EQ,INE956G01038,NSE_EQ|INE956G01038
Wakefit Innovations Limited,WAKEFIT,NSE,India,,EQ,INE0E7301029,NSE_EQ|INE0E7301029
Walchandnagar Industries Limited,WALCHANNAG,NSE,India,,EQ,INE711A01022,NSE_EQ|INE711A01022
Wanbury Limited,WANBURY,NSE,India,,EQ,INE107F01022,NSE_EQ|INE107F01022
Western Carriers (India) Limited,WCIL,NSE,India,,EQ,INE0CJF01024,NSE_EQ|INE0CJF01024
Wealth First Portfolio Managers Limited,WEALTH,NSE,India,,EQ,INE658T01017,NSE_EQ|INE658T01017
Websol Energy System Limited,WEBELSOLAR,NSE,India,,EQ,INE855C01023,NSE_EQ|INE855C01023
Weizmann Limited,WEIZMANIND,NSE,India,,EQ,INE080A01014,NSE_EQ|INE080A01014
Wonder Electricals Limited,WEL,NSE,India,,EQ,INE02WG01024,NSE_EQ|INE02WG01024
Welspun Corp Limited,WELCORP,NSE,India,,EQ,INE191B01025,NSE_EQ|INE191B01025
Welspun Enterprises Limited,WELENT,NSE,India,,EQ,INE625G01013,NSE_EQ|INE625G01013
Welspun Investments and Commercials Limited,WELINV,NSE,India,,BE,INE389K01018,NSE_EQ|INE389K01018
Welspun Specialty Solutions Limited,WELSPLSOL,NSE,India,,EQ,INE731F01037,NSE_EQ|INE731F01037
Welspun Living Limited,WELSPUNLIV,NSE,India,,EQ,INE192B01031,NSE_EQ|INE192B01031
Wendt (India) Limited,WENDT,NSE,India,,EQ,INE274C01019,NSE_EQ|INE274C01019
WESTLIFE FOODWORLD LIMITED,WESTLIFE,NSE,India,,EQ,INE274F01020,NSE_EQ|INE274F01020
WE WIN LIMITED,WEWIN,NSE,India,,BE,INE082W01014,NSE_EQ|INE082W01014
WeWork India Management Limited,WEWORK,NSE,India,,EQ,INE085001019,NSE_EQ|INE085001019
Wheels India Limited,WHEELS,NSE,India,,EQ,INE715A01015,NSE_EQ|INE715A01015
Whirlpool of India Limited,WHIRLPOOL,NSE,India,,EQ,INE716A01013,NSE_EQ|INE716A01013
Williamson Magor & Company Limited,WILLAMAGOR,NSE,India,,EQ,INE210A01017,NSE_EQ|INE210A01017
Windlas Biotech Limited,WINDLAS,NSE,India,,EQ,INE0H5O01029,NSE_EQ|INE0H5O01029
Windsor Machines Limited,WINDMACHIN,NSE,India,,EQ,INE052A01021,NSE_EQ|INE052A01021
The Western India Plywoods Limited,WIPL,NSE,India,,EQ,INE215F01023,NSE_EQ|INE215F01023
Wipro Limited,WIPRO,NSE,India,,EQ,INE075A01022,NSE_EQ|INE075A01022
Wockhardt Limited,WOCKPHARMA,NSE,India,,EQ,INE049B01025,NSE_EQ|INE049B01025
Wonderla Holidays Limited,WONDERLA,NSE,India,,EQ,INE066O01014,NSE_EQ|INE066O01014
Worth Peripherals Limited,WORTHPERI,NSE,India,,EQ,INE196Y01018,NSE_EQ|INE196Y01018
WPIL Limited,WPIL,NSE,India,,EQ,INE765D01022,NSE_EQ|INE765D01022
W S Industries (I) Limited,WSI,NSE,India,,EQ,INE100D01014,NSE_EQ|INE100D01014
West Coast Paper Mills Limited,WSTCSTPAPR,NSE,India,,EQ,INE976A01021,NSE_EQ|INE976A01021
Xchanging Solutions Limited,XCHANGING,NSE,India,,EQ,INE692G01013,NSE_EQ|INE692G01013
Xelpmoc Design And Tech Limited,XELPMOC,NSE,India,,EQ,INE01P501012,NSE_EQ|INE01P501012
Xpro India Limited,XPROINDIA,NSE,India,,EQ,INE445C01015,NSE_EQ|INE445C01015
Xtglobal Infotech Limited,XTGLOBAL,NSE,India,,EQ,INE547B01028,NSE_EQ|INE547B01028
Xtranet Technologies Limited,XTRANET,NSE,India,,BE,INE0NG701011,NSE_EQ|INE0NG701011
Yasho Industries Limited,YASHO,NSE,India,,EQ,INE616Z01012,NSE_EQ|INE616Z01012
Yatharth Hospital & Trauma Care Services Limited,YATHARTH,NSE,India,,EQ,INE0JO301016,NSE_EQ|INE0JO301016
Yatra Online Limited,YATRA,NSE,India,,EQ,INE0JR601024,NSE_EQ|INE0JR601024
Yes Bank Limited,YESBANK,NSE,India,,EQ,INE528G01035,NSE_EQ|INE528G01035
Yuken India Limited,YUKEN,NSE,India,,EQ,INE384C01016,NSE_EQ|INE384C01016
Zaggle Prepaid Ocean Services Limited,ZAGGLE,NSE,India,,EQ,INE07K301024,NSE_EQ|INE07K301024
Zee Entertainment Enterprises Limited,ZEEL,NSE,India,,EQ,INE256A01028,NSE_EQ|INE256A01028
Zee Learn Limited,ZEELEARN,NSE,India,,BE,INE565L01011,NSE_EQ|INE565L01011
Zee Media Corporation Limited,ZEEMEDIA,NSE,India,,EQ,INE966H01019,NSE_EQ|INE966H01019
Zenith Exports Limited,ZENITHEXPO,NSE,India,,EQ,INE058B01018,NSE_EQ|INE058B01018
Zenith Steel Pipes & Industries Limited,ZENITHSTL,NSE,India,,EQ,INE318D01020,NSE_EQ|INE318D01020
Zensar Technologies Limited,ZENSARTECH,NSE,India,,EQ,INE520A01027,NSE_EQ|INE520A01027
Zen Technologies Limited,ZENTEC,NSE,India,,EQ,INE251B01027,NSE_EQ|INE251B01027
ZF Commercial Vehicle Control Systems India Limited,ZFCVINDIA,NSE,India,,EQ,INE342J01019,NSE_EQ|INE342J01019
ZF Steering Gear (India) Limited,ZFSTEERING,NSE,India,,EQ,INE116C01012,NSE_EQ|INE116C01012
Zim Laboratories Limited,ZIMLAB,NSE,India,,BE,INE518E01015,NSE_EQ|INE518E01015
Zodiac Energy Limited,ZODIAC,NSE,India,,EQ,INE761Y01019,NSE_EQ|INE761Y01019
Zodiac Clothing Company Limited,ZODIACLOTH,NSE,India,,EQ,INE206B01013,NSE_EQ|INE206B01013
Zota Health Care LImited,ZOTA,NSE,India,,EQ,INE358U01012,NSE_EQ|INE358U01012
Saraswati Commercial India Limited,ZSARACOM,NSE,India,,EQ,INE967G01019,NSE_EQ|INE967G01019
Zuari Agro Chemicals Limited,ZUARI,NSE,India,,EQ,INE840M01016,NSE_EQ|INE840M01016
ZUARI INDUSTRIES LIMITED,ZUARIIND,NSE,India,,EQ,INE217A01012,NSE_EQ|INE217A01012
Zydus Lifesciences Limited,ZYDUSLIFE,NSE,India,,EQ,INE010B01027,NSE_EQ|INE010B01027
Zydus Wellness Limited,ZYDUSWELL,NSE,India,,EQ,INE768C01028,NSE_EQ|INE768C01028
